ID-TOTS,A_CLAU_UNICA_VP,A_ID_VP,A_EMPRESA_VP,A_REF_ODOO_VP,A_FECHA_ALTA_ODOO_VP,A_CLIENT_VP,A_FECHA_EMISION_VP,A_NUMERO_VP,A_IMPORTE_VP,A_ACUMULADO_VP,A_ESTADO_VP,A_ESTADO_FACTURACION_VP
1,5796-C-V/00001,1,ADG32 5796 NSACARES SL,C-V/00001,17/10/2025,COMERCIAL CALCO SA,17/10/2025,1377533,"3546,51","3546,51",Pedido de venta,Completamente facturado
2,5796-C-V/00002,2,ADG32 5796 NSACARES SL,C-V/00002,22/10/2025,COMERCIAL CALCO SA,17/10/2025,1377534,"3230,70","6777,21",Pedido de venta,Completamente facturado
3,5796-C-V/00003,3,ADG32 5796 NSACARES SL,C-V/00003,22/10/2025,BIGCORP SL,17/10/2025,1377535,"3924,03","10701,24",Pedido de venta,Completamente facturado
4,5796-C-V/00004,4,ADG32 5796 NSACARES SL,C-V/00004,22/10/2025,COMERCIAL CALCO SA,17/10/2025,1377536,"4533,87","15235,11",Pedido de venta,Completamente facturado
5,5796-C-V/00005,5,ADG32 5796 NSACARES SL,C-V/00005,29/10/2025,BIGCORP SL,27/10/2025,1381446,"3644,52","18879,63",Pedido de venta,Completamente facturado
6,5796-C-V/00006,6,ADG32 5796 NSACARES SL,C-V/00006,29/10/2025,COMERCIAL CALCO SA,28/10/2025,1382148,"3368,64","22248,27",Pedido de venta,Completamente facturado
7,5796-C-V/00007,7,ADG32 5796 NSACARES SL,C-V/00007,29/10/2025,COMERCIAL CALCO SA,29/10/2025,1382685,"4435,86","26684,13",Pedido de venta,Completamente facturado
8,5796-C-V/00008,8,ADG32 5796 NSACARES SL,C-V/00008,05/11/2025,BIGCORP SL,03/11/2025,1385714,"3198,03","29882,16",Pedido de venta,Completamente facturado
9,5796-C-V/00009,9,ADG32 5796 NSACARES SL,C-V/00009,05/11/2025,BIGCORP SL,04/11/2025,1386332,"4236,21","34118,37",Pedido de venta,Completamente facturado
10,5796-C-V/00010,10,ADG32 5796 NSACARES SL,C-V/00010,05/11/2025,COMERCIAL CALCO SA,05/11/2025,1387167,"4552,02","38670,39",Pedido de venta,Completamente facturado
11,5796-C-V/00011,11,ADG32 5796 NSACARES SL,C-V/00011,12/11/2025,COMERCIAL CALCO SA,10/11/2025,1389666,"4308,81","42979,20",Pedido de venta,Completamente facturado
12,5796-C-V/00012,12,ADG32 5796 NSACARES SL,C-V/00012,12/11/2025,BIGCORP SL,11/11/2025,1390519,"4686,33","47665,53",Pedido de venta,Completamente facturado
13,5796-C-V/00013,13,ADG32 5796 NSACARES SL,C-V/00013,12/11/2025,COMERCIAL CALCO SA,12/11/2025,1391447,"3786,09","51451,62",Pedido de venta,Completamente facturado
14,5796-C-V/00014,14,ADG32 5796 NSACARES SL,C-V/00014,19/11/2025,BIGCORP SL,17/11/2025,1394522,"3669,93","55121,55",Pedido de venta,Completamente facturado
15,5796-C-V/00015,15,ADG32 5796 NSACARES SL,C-V/00015,19/11/2025,COMERCIAL CALCO SA,18/11/2025,1395415,"3571,92","58693,47",Pedido de venta,Completamente facturado
16,5796-C-V/00016,16,ADG32 5796 NSACARES SL,C-V/00016,19/11/2025,COMERCIAL CALCO SA,19/11/2025,1396544,"3397,68","62091,15",Pedido de venta,Completamente facturado
17,5796-C-V/00017,17,ADG32 5796 NSACARES SL,C-V/00017,26/11/2025,COMERCIAL CALCO SA,24/11/2025,1399587,"3884,10","65975,25",Pedido de venta,Completamente facturado
18,5796-C-V/00018,18,ADG32 5796 NSACARES SL,C-V/00018,26/11/2025,COMERCIAL CALCO SA,25/11/2025,1400588,"3346,86","69322,11",Pedido de venta,Completamente facturado
19,5796-C-V/00019,19,ADG32 5796 NSACARES SL,C-V/00019,26/11/2025,COMERCIAL CALCO SA,26/11/2025,1401649,"4232,58","73554,69",Pedido de venta,Completamente facturado
20,5796-C-V/00020,20,ADG32 5796 NSACARES SL,C-V/00020,04/12/2025,COMERCIAL CALCO SA,01/12/2025,1404611,"3724,38","77279,07",Pedido de venta,Completamente facturado
21,5796-C-V/00021,21,ADG32 5796 NSACARES SL,C-V/00021,04/12/2025,COMERCIAL CALCO SA,02/12/2025,1405704,"3985,74","81264,81",Pedido de venta,Completamente facturado
22,5796-C-V/00022,22,ADG32 5796 NSACARES SL,C-V/00022,04/12/2025,COMERCIAL CALCO SA,03/12/2025,1406705,"3934,92","85199,73",Pedido de venta,Completamente facturado
23,5796-C-V/00023,23,ADG32 5796 NSACARES SL,C-V/00023,11/12/2025,BIGCORP SL,08/12/2025,1409438,"4080,12","89279,85",Pedido de venta,Completamente facturado
24,5796-C-V/00024,24,ADG32 5796 NSACARES SL,C-V/00024,11/12/2025,COMERCIAL CALCO SA,09/12/2025,1410290,"3891,36","93171,21",Pedido de venta,Completamente facturado
25,5796-C-V/00025,25,ADG32 5796 NSACARES SL,C-V/00025,11/12/2025,BIGCORP SL,10/12/2025,1411451,"4319,70","97490,91",Pedido de venta,Completamente facturado
26,5796-C-V/00027,26,ADG32 5796 NSACARES SL,C-V/00027,18/12/2025,BIGCORP SL,15/12/2025,1414533,"4381,41","101872,32",Pedido de venta,Completamente facturado
27,5796-C-V/00028,27,ADG32 5796 NSACARES SL,C-V/00028,18/12/2025,COMERCIAL CALCO SA,16/12/2025,1415447,"3855,06","105727,38",Pedido de venta,Completamente facturado
28,5796-C-V/00029,28,ADG32 5796 NSACARES SL,C-V/00029,18/12/2025,BIGCORP SL,17/12/2025,1416358,"4116,42","109843,80",Pedido de venta,Completamente facturado
29,6265-C-V/00001,1,ADG32 6265 SMORENO SL,C-V/00001,17/10/2025,BIGCORP SL,17/10/2025,1377599,"3758,87","3758,87",Pedido de venta,Completamente facturado
32,6265-C-V/00004,2,ADG32 6265 SMORENO SL,C-V/00004,22/10/2025,COMERCIAL CALCO SA,17/10/2025,1377600,"3956,70","7715,57",Pedido de venta,Completamente facturado
31,6265-C-V/00003,3,ADG32 6265 SMORENO SL,C-V/00003,22/10/2025,COMERCIAL CALCO SA,17/10/2025,1377601,"3659,04","11374,61",Pedido de venta,Completamente facturado
30,6265-C-V/00002,4,ADG32 6265 SMORENO SL,C-V/00002,22/10/2025,BIGCORP SL,17/10/2025,1377602,"4417,71","15792,32",Pedido de venta,Completamente facturado
33,6265-C-V/00006,5,ADG32 6265 SMORENO SL,C-V/00006,29/10/2025,BIGCORP SL,27/10/2025,1381489,"3568,29","19360,61",Pedido de venta,Completamente facturado
34,6265-C-V/00007,6,ADG32 6265 SMORENO SL,C-V/00007,29/10/2025,COMERCIAL CALCO SA,28/10/2025,1382167,"4067,42","23428,03",Pedido de venta,Completamente facturado
35,6265-C-V/00008,7,ADG32 6265 SMORENO SL,C-V/00008,29/10/2025,COMERCIAL CALCO SA,29/10/2025,1382715,"3956,70","27384,73",Pedido de venta,Completamente facturado
38,6265-C-V/00011,8,ADG32 6265 SMORENO SL,C-V/00011,05/11/2025,COMERCIAL CALCO SA,03/11/2025,1385757,"4172,69","31557,42",Pedido de venta,Completamente facturado
37,6265-C-V/00010,9,ADG32 6265 SMORENO SL,C-V/00010,05/11/2025,COMERCIAL CALCO SA,04/11/2025,1386371,"4352,37","35909,79",Pedido de venta,Completamente facturado
36,6265-C-V/00009,10,ADG32 6265 SMORENO SL,C-V/00009,05/11/2025,BIGCORP SL,05/11/2025,1387189,"4684,52","40594,31",Pedido de venta,Completamente facturado
39,6265-C-V/00012,11,ADG32 6265 SMORENO SL,C-V/00012,12/11/2025,BIGCORP SL,10/11/2025,1389694,"3257,93","43852,24",Pedido de venta,Completamente facturado
41,6265-C-V/00014,12,ADG32 6265 SMORENO SL,C-V/00014,12/11/2025,COMERCIAL CALCO SA,11/11/2025,1390555,"4432,23","48284,47",Pedido de venta,Completamente facturado
40,6265-C-V/00013,13,ADG32 6265 SMORENO SL,C-V/00013,12/11/2025,BIGCORP SL,12/11/2025,1391473,"3780,65","52065,12",Pedido de venta,Completamente facturado
42,6265-C-V/00015,14,ADG32 6265 SMORENO SL,C-V/00015,19/11/2025,BIGCORP SL,17/11/2025,1394549,"4096,46","56161,58",Pedido de venta,Completamente facturado
43,6265-C-V/00016,15,ADG32 6265 SMORENO SL,C-V/00016,19/11/2025,COMERCIAL CALCO SA,18/11/2025,1395442,"4267,07","60428,65",Pedido de venta,Completamente facturado
44,6265-C-V/00017,16,ADG32 6265 SMORENO SL,C-V/00017,19/11/2025,COMERCIAL CALCO SA,19/11/2025,1396572,"4274,33","64702,98",Pedido de venta,Completamente facturado
45,6265-C-V/00018,17,ADG32 6265 SMORENO SL,C-V/00018,26/11/2025,BIGCORP SL,24/11/2025,1399606,"4758,93","69461,91",Pedido de venta,Completamente facturado
46,6265-C-V/00019,18,ADG32 6265 SMORENO SL,C-V/00019,26/11/2025,COMERCIAL CALCO SA,25/11/2025,1400613,"4183,58","73645,49",Pedido de venta,Completamente facturado
47,6265-C-V/00020,19,ADG32 6265 SMORENO SL,C-V/00020,26/11/2025,COMERCIAL CALCO SA,26/11/2025,1401675,"3773,39","77418,88",Pedido de venta,Completamente facturado
48,6265-C-V/00021,20,ADG32 6265 SMORENO SL,C-V/00021,03/12/2025,BIGCORP SL,01/12/2025,1404641,"4196,28","81615,16",Pedido de venta,Completamente facturado
49,6265-C-V/00022,21,ADG32 6265 SMORENO SL,C-V/00022,03/12/2025,COMERCIAL CALCO SA,02/12/2025,1405725,"4437,68","86052,84",Pedido de venta,Completamente facturado
50,6265-C-V/00023,22,ADG32 6265 SMORENO SL,C-V/00023,03/12/2025,COMERCIAL CALCO SA,03/12/2025,1406731,"4123,68","90176,52",Pedido de venta,Completamente facturado
53,6265-C-V/00026,23,ADG32 6265 SMORENO SL,C-V/00026,10/12/2025,BIGCORP SL,08/12/2025,1409457,"3524,73","93701,25",Pedido de venta,Completamente facturado
51,6265-C-V/00024,24,ADG32 6265 SMORENO SL,C-V/00024,10/12/2025,COMERCIAL CALCO SA,09/12/2025,1410315,"4359,63","98060,88",Pedido de venta,Completamente facturado
52,6265-C-V/00025,25,ADG32 6265 SMORENO SL,C-V/00025,10/12/2025,BIGCORP SL,10/12/2025,1411478,"3731,64","101792,52",Pedido de venta,Completamente facturado
55,6265-C-V/00028,26,ADG32 6265 SMORENO SL,C-V/00028,18/12/2025,BIGCORP SL,15/12/2025,1414542,"3894,99","105687,51",Pedido de venta,Completamente facturado
56,6265-C-V/00029,27,ADG32 6265 SMORENO SL,C-V/00029,18/12/2025,BIGCORP SL,16/12/2025,1415472,"3381,35","109068,86",Pedido de venta,Completamente facturado
57,6265-C-V/00030,28,ADG32 6265 SMORENO SL,C-V/00030,18/12/2025,BIGCORP SL,17/12/2025,1416381,"3301,49","112370,35",Pedido de venta,Completamente facturado
58,6320-C-V/00001,1,ADG32 6320 MNAVARRO SL,C-V/00001,22/10/2025,COMERCIAL CALCO SA,17/10/2025,1377677,"3550,14","3550,14",Pedido de venta,Completamente facturado
61,6320-C-V/00004,2,ADG32 6320 MNAVARRO SL,C-V/00004,22/10/2025,BIGCORP SL,17/10/2025,1377678,"3481,17","7031,31",Pedido de venta,Completamente facturado
60,6320-C-V/00003,3,ADG32 6320 MNAVARRO SL,C-V/00003,22/10/2025,BIGCORP SL,17/10/2025,1377680,"3212,55","10243,86",Pedido de venta,Completamente facturado
59,6320-C-V/00002,4,ADG32 6320 MNAVARRO SL,C-V/00002,22/10/2025,COMERCIAL CALCO SA,17/10/2025,1377681,"3807,87","14051,73",Pedido de venta,Completamente facturado
62,6320-C-V/00005,5,ADG32 6320 MNAVARRO SL,C-V/00005,29/10/2025,BIGCORP SL,27/10/2025,1381527,"4069,23","18120,96",Pedido de venta,Completamente facturado
63,6320-C-V/00006,6,ADG32 6320 MNAVARRO SL,C-V/00006,29/10/2025,COMERCIAL CALCO SA,28/10/2025,1382200,"4519,35","22640,31",Pedido de venta,Completamente facturado
64,6320-C-V/00007,7,ADG32 6320 MNAVARRO SL,C-V/00007,29/10/2025,BIGCORP SL,29/10/2025,1382742,"4787,97","27428,28",Pedido de venta,Completamente facturado
66,6320-C-V/00011,8,ADG32 6320 MNAVARRO SL,C-V/00011,05/11/2025,COMERCIAL CALCO SA,03/11/2025,1385775,"3346,86","30775,14",Pedido de venta,Completamente facturado
65,6320-C-V/00010,9,ADG32 6320 MNAVARRO SL,C-V/00010,05/11/2025,BIGCORP SL,04/11/2025,1386405,"4127,31","34902,45",Pedido de venta,Completamente facturado
67,6320-C-V/00012,10,ADG32 6320 MNAVARRO SL,C-V/00012,05/11/2025,BIGCORP SL,05/11/2025,1387220,"4439,49","39341,94",Pedido de venta,Completamente facturado
68,6320-C-V/00013,11,ADG32 6320 MNAVARRO SL,C-V/00013,12/11/2025,BIGCORP SL,10/11/2025,1389710,"3931,29","43273,23",Pedido de venta,Completamente facturado
69,6320-C-V/00016,12,ADG32 6320 MNAVARRO SL,C-V/00016,14/11/2025,COMERCIAL CALCO SA,11/11/2025,1390585,"3651,78","46925,01",Pedido de venta,Completamente facturado
70,6320-C-V/00017,13,ADG32 6320 MNAVARRO SL,C-V/00017,14/11/2025,COMERCIAL CALCO SA,12/11/2025,1391499,"4112,79","51037,80",Pedido de venta,Completamente facturado
71,6320-C-V/00018,14,ADG32 6320 MNAVARRO SL,C-V/00018,20/11/2025,BIGCORP SL,17/11/2025,1394577,"4370,52","55408,32",Pedido de venta,Completamente facturado
72,6320-C-V/00019,15,ADG32 6320 MNAVARRO SL,C-V/00019,20/11/2025,BIGCORP SL,18/11/2025,1395490,"3844,17","59252,49",Pedido de venta,Completamente facturado
73,6320-C-V/00020,16,ADG32 6320 MNAVARRO SL,C-V/00020,20/11/2025,COMERCIAL CALCO SA,19/11/2025,1396597,"4617,36","63869,85",Pedido de venta,Completamente facturado
74,6320-C-V/00021,17,ADG32 6320 MNAVARRO SL,C-V/00021,26/11/2025,COMERCIAL CALCO SA,24/11/2025,1399647,"4479,42","68349,27",Pedido de venta,Completamente facturado
75,6320-C-V/00022,18,ADG32 6320 MNAVARRO SL,C-V/00022,26/11/2025,BIGCORP SL,25/11/2025,1400661,"4758,93","73108,20",Pedido de venta,Completamente facturado
76,6320-C-V/00024,19,ADG32 6320 MNAVARRO SL,C-V/00024,26/11/2025,BIGCORP SL,26/11/2025,1401707,"4646,40","77754,60",Pedido de venta,Completamente facturado
77,6320-C-V/00025,20,ADG32 6320 MNAVARRO SL,C-V/00025,03/12/2025,COMERCIAL CALCO SA,01/12/2025,1404688,"4040,19","81794,79",Pedido de venta,Completamente facturado
78,6320-C-V/00026,21,ADG32 6320 MNAVARRO SL,C-V/00026,03/12/2025,COMERCIAL CALCO SA,02/12/2025,1405739,"4287,03","86081,82",Pedido de venta,Completamente facturado
79,6320-C-V/00027,22,ADG32 6320 MNAVARRO SL,C-V/00027,03/12/2025,COMERCIAL CALCO SA,03/12/2025,1406762,"4152,72","90234,54",Pedido de venta,Completamente facturado
80,6320-C-V/00028,23,ADG32 6320 MNAVARRO SL,C-V/00028,10/12/2025,BIGCORP SL,08/12/2025,1409472,"4475,79","94710,33",Pedido de venta,Completamente facturado
81,6320-C-V/00029,24,ADG32 6320 MNAVARRO SL,C-V/00029,10/12/2025,BIGCORP SL,09/12/2025,1410331,"4156,35","98866,68",Pedido de venta,Completamente facturado
82,6320-C-V/00030,25,ADG32 6320 MNAVARRO SL,C-V/00030,10/12/2025,COMERCIAL CALCO SA,10/12/2025,1411498,"4417,71","103284,39",Pedido de venta,Completamente facturado
84,6320-C-V/00032,26,ADG32 6320 MNAVARRO SL,C-V/00032,18/12/2025,COMERCIAL CALCO SA,15/12/2025,1414556,"3822,39","107106,78",Pedido de venta,Completamente facturado
85,6320-C-V/00033,27,ADG32 6320 MNAVARRO SL,C-V/00033,18/12/2025,BIGCORP SL,16/12/2025,1415486,"3767,94","110874,72",Pedido de venta,Completamente facturado
86,6320-C-V/00034,28,ADG32 6320 MNAVARRO SL,C-V/00034,18/12/2025,BIGCORP SL,17/12/2025,1416403,"4105,53","114980,25",Pedido de venta,Completamente facturado
87,6352-C-V/00001,1,ADG32 6352 SAANANOU SL,C-V/00001,17/10/2025,BIGCORP SL,17/10/2025,1377639,"3484,80","3484,80",Pedido de venta,Completamente facturado
88,6352-C-V/00002,2,ADG32 6352 SAANANOU SL,C-V/00002,23/10/2025,BIGCORP SL,17/10/2025,1377640,"4272,51","7757,31",Pedido de venta,Completamente facturado
89,6352-C-V/00003,3,ADG32 6352 SAANANOU SL,C-V/00003,23/10/2025,COMERCIAL CALCO SA,17/10/2025,1377641,"3749,79","11507,10",Pedido de venta,Completamente facturado
90,6352-C-V/00004,4,ADG32 6352 SAANANOU SL,C-V/00004,23/10/2025,COMERCIAL CALCO SA,17/10/2025,1377642,"3500,23","15007,33",Pedido de venta,Completamente facturado
91,6352-C-V/00005,5,ADG32 6352 SAANANOU SL,C-V/00005,29/10/2025,BIGCORP SL,27/10/2025,1381504,"3511,12","18518,45",Pedido de venta,Completamente facturado
92,6352-C-V/00006,6,ADG32 6352 SAANANOU SL,C-V/00006,29/10/2025,BIGCORP SL,28/10/2025,1382189,"3802,43","22320,88",Pedido de venta,Completamente facturado
93,6352-C-V/00007,7,ADG32 6352 SAANANOU SL,C-V/00007,29/10/2025,BIGCORP SL,29/10/2025,1382732,"4483,05","26803,93",Pedido de venta,Completamente facturado
96,6352-C-V/00012,8,ADG32 6352 SAANANOU SL,C-V/00012,07/11/2025,BIGCORP SL,03/11/2025,1385769,"4571,08","31375,01",Pedido de venta,Completamente facturado
94,6352-C-V/00010,9,ADG32 6352 SAANANOU SL,C-V/00010,05/11/2025,COMERCIAL CALCO SA,04/11/2025,1386399,"4070,14","35445,15",Pedido de venta,Completamente facturado
95,6352-C-V/00011,10,ADG32 6352 SAANANOU SL,C-V/00011,05/11/2025,BIGCORP SL,05/11/2025,1387203,"3223,44","38668,59",Pedido de venta,Completamente facturado
97,6352-C-V/00013,11,ADG32 6352 SAANANOU SL,C-V/00013,12/11/2025,BIGCORP SL,10/11/2025,1389701,"3247,94","41916,53",Pedido de venta,Completamente facturado
98,6352-C-V/00014,12,ADG32 6352 SAANANOU SL,C-V/00014,12/11/2025,BIGCORP SL,11/11/2025,1390579,"4012,06","45928,59",Pedido de venta,Completamente facturado
99,6352-C-V/00015,13,ADG32 6352 SAANANOU SL,C-V/00015,12/11/2025,BIGCORP SL,12/11/2025,1391492,"3919,49","49848,08",Pedido de venta,Completamente facturado
100,6352-C-V/00016,14,ADG32 6352 SAANANOU SL,C-V/00016,20/11/2025,COMERCIAL CALCO SA,17/11/2025,1394564,"3459,39","53307,47",Pedido de venta,Completamente facturado
101,6352-C-V/00017,15,ADG32 6352 SAANANOU SL,C-V/00017,20/11/2025,BIGCORP SL,18/11/2025,1395469,"3796,98","57104,45",Pedido de venta,Completamente facturado
102,6352-C-V/00018,16,ADG32 6352 SAANANOU SL,C-V/00018,20/11/2025,BIGCORP SL,19/11/2025,1396590,"4290,66","61395,11",Pedido de venta,Completamente facturado
103,6352-C-V/00019,17,ADG32 6352 SAANANOU SL,C-V/00019,26/11/2025,COMERCIAL CALCO SA,24/11/2025,1399627,"4649,12","66044,23",Pedido de venta,Completamente facturado
104,6352-C-V/00020,18,ADG32 6352 SAANANOU SL,C-V/00020,27/11/2025,BIGCORP SL,25/11/2025,1400641,"4759,84","70804,07",Pedido de venta,Completamente facturado
105,6352-C-V/00021,19,ADG32 6352 SAANANOU SL,C-V/00021,27/11/2025,COMERCIAL CALCO SA,26/11/2025,1401689,"4187,21","74991,28",Pedido de venta,Completamente facturado
107,6352-C-V/00023,20,ADG32 6352 SAANANOU SL,C-V/00023,03/12/2025,COMERCIAL CALCO SA,01/12/2025,1404669,"3524,73","78516,01",Pedido de venta,Completamente facturado
106,6352-C-V/00022,21,ADG32 6352 SAANANOU SL,C-V/00022,03/12/2025,COMERCIAL CALCO SA,02/12/2025,1405733,"4787,06","83303,07",Pedido de venta,Completamente facturado
108,6352-C-V/00024,22,ADG32 6352 SAANANOU SL,C-V/00024,03/12/2025,BIGCORP SL,03/12/2025,1406752,"3541,07","86844,14",Pedido de venta,Completamente facturado
109,6352-C-V/00025,23,ADG32 6352 SAANANOU SL,C-V/00025,10/12/2025,COMERCIAL CALCO SA,08/12/2025,1409466,"4601,93","91446,07",Pedido de venta,Completamente facturado
110,6352-C-V/00026,24,ADG32 6352 SAANANOU SL,C-V/00026,10/12/2025,BIGCORP SL,09/12/2025,1410325,"3450,32","94896,39",Pedido de venta,Completamente facturado
111,6352-C-V/00027,25,ADG32 6352 SAANANOU SL,C-V/00027,10/12/2025,BIGCORP SL,10/12/2025,1411488,"4504,83","99401,22",Pedido de venta,Completamente facturado
113,6352-C-V/00029,26,ADG32 6352 SAANANOU SL,C-V/00029,28/12/2025,BIGCORP SL,15/12/2025,1414550,"3278,80","102680,02",Pedido de venta,Completamente facturado
114,6352-C-V/00030,27,ADG32 6352 SAANANOU SL,C-V/00030,28/12/2025,COMERCIAL CALCO SA,16/12/2025,1415480,"3388,61","106068,63",Pedido de venta,Completamente facturado
115,6352-C-V/00031,28,ADG32 6352 SAANANOU SL,C-V/00031,28/12/2025,BIGCORP SL,17/12/2025,1416394,"3928,57","109997,20",Pedido de venta,Completamente facturado
116,6356-C-V/00001,1,ADG32 6356 WAANANOU SL,C-V/00001,17/10/2025,BIGCORP SL,17/10/2025,1377557,"4428,60","4428,60",Pedido de venta,Completamente facturado
117,6356-C-V/00003,2,ADG32 6356 WAANANOU SL,C-V/00003,23/10/2025,COMERCIAL CALCO SA,17/10/2025,1377558,"3798,80","8227,40",Pedido de venta,Completamente facturado
118,6356-C-V/00004,3,ADG32 6356 WAANANOU SL,C-V/00004,24/10/2025,BIGCORP SL,17/10/2025,1377559,"3905,88","12133,28",Pedido de venta,Completamente facturado
119,6356-C-V/00005,4,ADG32 6356 WAANANOU SL,C-V/00005,24/10/2025,BIGCORP SL,17/10/2025,1377560,"4702,67","16835,95",Pedido de venta,Completamente facturado
121,6356-C-V/00008,5,ADG32 6356 WAANANOU SL,C-V/00008,29/10/2025,COMERCIAL CALCO SA,27/10/2025,1381470,"3586,44","20422,39",Pedido de venta,Completamente facturado
122,6356-C-V/00009,6,ADG32 6356 WAANANOU SL,C-V/00009,29/10/2025,COMERCIAL CALCO SA,28/10/2025,1382157,"3791,54","24213,93",Pedido de venta,Completamente facturado
120,6356-C-V/00007,7,ADG32 6356 WAANANOU SL,C-V/00007,29/10/2025,BIGCORP SL,29/10/2025,1382703,"3417,65","27631,58",Pedido de venta,Completamente facturado
124,6356-C-V/00011,8,ADG32 6356 WAANANOU SL,C-V/00011,06/11/2025,BIGCORP SL,03/11/2025,1385734,"3744,35","31375,93",Pedido de venta,Completamente facturado
125,6356-C-V/00012,9,ADG32 6356 WAANANOU SL,C-V/00012,06/11/2025,BIGCORP SL,04/11/2025,1386348,"4011,15","35387,08",Pedido de venta,Completamente facturado
123,6356-C-V/00010,10,ADG32 6356 WAANANOU SL,C-V/00010,06/11/2025,BIGCORP SL,05/11/2025,1387175,"4768,01","40155,09",Pedido de venta,Completamente facturado
126,6356-C-V/00013,11,ADG32 6356 WAANANOU SL,C-V/00013,14/11/2025,COMERCIAL CALCO SA,10/11/2025,1389679,"4310,63","44465,72",Pedido de venta,Completamente facturado
127,6356-C-V/00014,12,ADG32 6356 WAANANOU SL,C-V/00014,14/11/2025,COMERCIAL CALCO SA,11/11/2025,1390531,"3884,10","48349,82",Pedido de venta,Completamente facturado
128,6356-C-V/00015,13,ADG32 6356 WAANANOU SL,C-V/00015,14/11/2025,BIGCORP SL,12/11/2025,1391459,"4472,16","52821,98",Pedido de venta,Completamente facturado
129,6356-C-V/00016,14,ADG32 6356 WAANANOU SL,C-V/00016,19/11/2025,COMERCIAL CALCO SA,17/11/2025,1394540,"3384,98","56206,96",Pedido de venta,Completamente facturado
130,6356-C-V/00017,15,ADG32 6356 WAANANOU SL,C-V/00017,21/11/2025,COMERCIAL CALCO SA,18/11/2025,1395427,"4601,03","60807,99",Pedido de venta,Completamente facturado
131,6356-C-V/00018,16,ADG32 6356 WAANANOU SL,C-V/00018,21/11/2025,COMERCIAL CALCO SA,19/11/2025,1396558,"3864,14","64672,13",Pedido de venta,Completamente facturado
132,6356-C-V/00019,17,ADG32 6356 WAANANOU SL,C-V/00019,26/11/2025,BIGCORP SL,24/11/2025,1399594,"3885,92","68558,05",Pedido de venta,Completamente facturado
133,6356-C-V/00020,18,ADG32 6356 WAANANOU SL,C-V/00020,26/11/2025,BIGCORP SL,25/11/2025,1400600,"3780,65","72338,70",Pedido de venta,Completamente facturado
134,6356-C-V/00021,19,ADG32 6356 WAANANOU SL,C-V/00021,26/11/2025,BIGCORP SL,26/11/2025,1401659,"3789,72","76128,42",Pedido de venta,Completamente facturado
136,6356-C-V/00023,20,ADG32 6356 WAANANOU SL,C-V/00023,03/12/2025,COMERCIAL CALCO SA,01/12/2025,1404627,"4042,01","80170,43",Pedido de venta,Completamente facturado
137,6356-C-V/00024,21,ADG32 6356 WAANANOU SL,C-V/00024,03/12/2025,COMERCIAL CALCO SA,02/12/2025,1405713,"4472,16","84642,59",Pedido de venta,Completamente facturado
135,6356-C-V/00022,22,ADG32 6356 WAANANOU SL,C-V/00022,03/12/2025,BIGCORP SL,03/12/2025,1406716,"4341,48","88984,07",Pedido de venta,Completamente facturado
138,6356-C-V/00025,23,ADG32 6356 WAANANOU SL,C-V/00025,10/12/2025,COMERCIAL CALCO SA,08/12/2025,1409450,"4203,54","93187,61",Pedido de venta,Completamente facturado
139,6356-C-V/00026,24,ADG32 6356 WAANANOU SL,C-V/00026,10/12/2025,BIGCORP SL,09/12/2025,1410302,"4254,36","97441,97",Pedido de venta,Completamente facturado
140,6356-C-V/00027,25,ADG32 6356 WAANANOU SL,C-V/00027,10/12/2025,COMERCIAL CALCO SA,10/12/2025,1411462,"3450,32","100892,29",Pedido de venta,Completamente facturado
142,6356-C-V/00029,26,ADG32 6356 WAANANOU SL,C-V/00029,17/12/2025,COMERCIAL CALCO SA,15/12/2025,1414534,"4210,80","105103,09",Pedido de venta,Completamente facturado
143,6356-C-V/00030,27,ADG32 6356 WAANANOU SL,C-V/00030,17/12/2025,COMERCIAL CALCO SA,16/12/2025,1415460,"4421,34","109524,43",Pedido de venta,Completamente facturado
144,6356-C-V/00031,28,ADG32 6356 WAANANOU SL,C-V/00031,17/12/2025,BIGCORP SL,17/12/2025,1416371,"4357,82","113882,25",Pedido de venta,Completamente facturado
145,6366-C-V/00001,1,ADG32 6366 JMORAGUES SL,C-V/00001,17/10/2025,BIGCORP SL,17/10/2025,1377605,"3631,82","3631,82",Pedido de venta,Completamente facturado
146,6366-C-V/00003,2,ADG32 6366 JMORAGUES SL,C-V/00003,22/10/2025,BIGCORP SL,17/10/2025,1377606,"3982,11","7613,93",Pedido de venta,Completamente facturado
147,6366-C-V/00004,3,ADG32 6366 JMORAGUES SL,C-V/00004,22/10/2025,BIGCORP SL,17/10/2025,1377607,"3760,68","11374,61",Pedido de venta,Completamente facturado
148,6366-C-V/00005,4,ADG32 6366 JMORAGUES SL,C-V/00005,22/10/2025,COMERCIAL CALCO SA,17/10/2025,1377608,"4239,84","15614,45",Pedido de venta,Completamente facturado
149,6366-C-V/00007,5,ADG32 6366 JMORAGUES SL,C-V/00007,29/10/2025,COMERCIAL CALCO SA,27/10/2025,1381491,"3869,58","19484,03",Pedido de venta,Completamente facturado
150,6366-C-V/00008,6,ADG32 6366 JMORAGUES SL,C-V/00008,29/10/2025,COMERCIAL CALCO SA,28/10/2025,1382168,"3334,16","22818,19",Pedido de venta,Completamente facturado
151,6366-C-V/00009,7,ADG32 6366 JMORAGUES SL,C-V/00009,29/10/2025,BIGCORP SL,29/10/2025,1382716,"3561,03","26379,22",Pedido de venta,Completamente facturado
152,6366-C-V/00010,8,ADG32 6366 JMORAGUES SL,C-V/00010,05/11/2025,BIGCORP SL,03/11/2025,1385761,"4789,79","31169,01",Pedido de venta,Completamente facturado
153,6366-C-V/00011,9,ADG32 6366 JMORAGUES SL,C-V/00011,05/11/2025,COMERCIAL CALCO SA,04/11/2025,1386375,"4657,29","35826,30",Pedido de venta,Completamente facturado
154,6366-C-V/00012,10,ADG32 6366 JMORAGUES SL,C-V/00012,05/11/2025,COMERCIAL CALCO SA,05/11/2025,1387190,"4642,77","40469,07",Pedido de venta,Completamente facturado
155,6366-C-V/00013,11,ADG32 6366 JMORAGUES SL,C-V/00013,12/11/2025,BIGCORP SL,10/11/2025,1389692,"4744,41","45213,48",Pedido de venta,Completamente facturado
156,6366-C-V/00014,12,ADG32 6366 JMORAGUES SL,C-V/00014,12/11/2025,COMERCIAL CALCO SA,11/11/2025,1390560,"4076,49","49289,97",Pedido de venta,Completamente facturado
157,6366-C-V/00015,13,ADG32 6366 JMORAGUES SL,C-V/00015,12/11/2025,BIGCORP SL,12/11/2025,1391477,"3615,48","52905,45",Pedido de venta,Completamente facturado
158,6366-C-V/00016,14,ADG32 6366 JMORAGUES SL,C-V/00016,19/11/2025,BIGCORP SL,17/11/2025,1394550,"3463,02","56368,47",Pedido de venta,Completamente facturado
159,6366-C-V/00017,15,ADG32 6366 JMORAGUES SL,C-V/00017,19/11/2025,COMERCIAL CALCO SA,18/11/2025,1395445,"3713,49","60081,96",Pedido de venta,Completamente facturado
160,6366-C-V/00018,16,ADG32 6366 JMORAGUES SL,C-V/00018,19/11/2025,BIGCORP SL,19/11/2025,1396573,"3441,24","63523,20",Pedido de venta,Completamente facturado
161,6366-C-V/00019,17,ADG32 6366 JMORAGUES SL,C-V/00019,26/11/2025,COMERCIAL CALCO SA,24/11/2025,1399607,"3793,35","67316,55",Pedido de venta,Completamente facturado
162,6366-C-V/00020,18,ADG32 6366 JMORAGUES SL,C-V/00020,26/11/2025,BIGCORP SL,25/11/2025,1400615,"4121,87","71438,42",Pedido de venta,Completamente facturado
163,6366-C-V/00021,19,ADG32 6366 JMORAGUES SL,C-V/00021,26/11/2025,BIGCORP SL,26/11/2025,1401677,"4272,51","75710,93",Pedido de venta,Completamente facturado
164,6366-C-V/00022,20,ADG32 6366 JMORAGUES SL,C-V/00022,03/12/2025,BIGCORP SL,01/12/2025,1404646,"3885,92","79596,85",Pedido de venta,Completamente facturado
165,6366-C-V/00023,21,ADG32 6366 JMORAGUES SL,C-V/00023,03/12/2025,COMERCIAL CALCO SA,02/12/2025,1405726,"3746,16","83343,01",Pedido de venta,Completamente facturado
166,6366-C-V/00024,22,ADG32 6366 JMORAGUES SL,C-V/00024,03/12/2025,BIGCORP SL,03/12/2025,1406734,"4250,73","87593,74",Pedido de venta,Completamente facturado
167,6366-C-V/00025,23,ADG32 6366 JMORAGUES SL,C-V/00025,10/12/2025,COMERCIAL CALCO SA,08/12/2025,1409459,"4606,47","92200,21",Pedido de venta,Completamente facturado
168,6366-C-V/00026,24,ADG32 6366 JMORAGUES SL,C-V/00026,10/12/2025,BIGCORP SL,09/12/2025,1410316,"3675,38","95875,59",Pedido de venta,Completamente facturado
169,6366-C-V/00027,25,ADG32 6366 JMORAGUES SL,C-V/00027,10/12/2025,COMERCIAL CALCO SA,10/12/2025,1411480,"3239,78","99115,37",Pedido de venta,Completamente facturado
171,6366-C-V/00030,26,ADG32 6366 JMORAGUES SL,C-V/00030,18/12/2025,BIGCORP SL,15/12/2025,1414543,"3296,04","102411,41",Pedido de venta,Completamente facturado
172,6366-C-V/00031,27,ADG32 6366 JMORAGUES SL,C-V/00031,18/12/2025,COMERCIAL CALCO SA,16/12/2025,1415473,"4005,71","106417,12",Pedido de venta,Completamente facturado
173,6366-C-V/00032,28,ADG32 6366 JMORAGUES SL,C-V/00032,18/12/2025,BIGCORP SL,17/12/2025,1416385,"3410,39","109827,51",Pedido de venta,Completamente facturado
174,6368-C-V/00001,1,ADG32 6368 LPIZA SL,C-V/00001,17/10/2025,COMERCIAL CALCO SA,17/10/2025,1377629,"4679,07","4679,07",Pedido de venta,Completamente facturado
175,6368-C-V/00002,2,ADG32 6368 LPIZA SL,C-V/00002,23/10/2025,COMERCIAL CALCO SA,17/10/2025,1377630,"3582,81","8261,88",Pedido de venta,Completamente facturado
176,6368-C-V/00003,3,ADG32 6368 LPIZA SL,C-V/00003,24/10/2025,COMERCIAL CALCO SA,17/10/2025,1377631,"3198,03","11459,91",Pedido de venta,Completamente facturado
177,6368-C-V/00004,4,ADG32 6368 LPIZA SL,C-V/00004,24/10/2025,COMERCIAL CALCO SA,17/10/2025,1377632,"3198,03","14657,94",Pedido de venta,Completamente facturado
178,6368-C-V/00005,5,ADG32 6368 LPIZA SL,C-V/00005,29/10/2025,BIGCORP SL,27/10/2025,1381502,"3713,49","18371,43",Pedido de venta,Completamente facturado
179,6368-C-V/00006,6,ADG32 6368 LPIZA SL,C-V/00006,29/10/2025,COMERCIAL CALCO SA,28/10/2025,1382183,"3811,50","22182,93",Pedido de venta,Completamente facturado
180,6368-C-V/00007,7,ADG32 6368 LPIZA SL,C-V/00007,29/10/2025,COMERCIAL CALCO SA,29/10/2025,1382731,"4268,88","26451,81",Pedido de venta,Completamente facturado
181,6368-C-V/00008,8,ADG32 6368 LPIZA SL,C-V/00008,05/11/2025,BIGCORP SL,03/11/2025,1385767,"3354,12","29805,93",Pedido de venta,Completamente facturado
182,6368-C-V/00009,9,ADG32 6368 LPIZA SL,C-V/00009,05/11/2025,COMERCIAL CALCO SA,04/11/2025,1386393,"4679,07","34485,00",Pedido de venta,Completamente facturado
183,6368-C-V/00010,10,ADG32 6368 LPIZA SL,C-V/00010,05/11/2025,COMERCIAL CALCO SA,05/11/2025,1387201,"4758,93","39243,93",Pedido de venta,Completamente facturado
184,6368-C-V/00011,11,ADG32 6368 LPIZA SL,C-V/00011,13/11/2025,BIGCORP SL,10/11/2025,1389700,"3633,63","42877,56",Pedido de venta,Completamente facturado
185,6368-C-V/00012,12,ADG32 6368 LPIZA SL,C-V/00012,13/11/2025,BIGCORP SL,11/11/2025,1390577,"4424,97","47302,53",Pedido de venta,Completamente facturado
186,6368-C-V/00013,13,ADG32 6368 LPIZA SL,C-V/00013,13/11/2025,COMERCIAL CALCO SA,12/11/2025,1391485,"3644,52","50947,05",Pedido de venta,Completamente facturado
187,6368-C-V/00014,14,ADG32 6368 LPIZA SL,C-V/00014,19/11/2025,BIGCORP SL,17/11/2025,1394561,"4061,97","55009,02",Pedido de venta,Completamente facturado
188,6368-C-V/00015,15,ADG32 6368 LPIZA SL,C-V/00015,19/11/2025,BIGCORP SL,18/11/2025,1395462,"3695,34","58704,36",Pedido de venta,Completamente facturado
189,6368-C-V/00016,16,ADG32 6368 LPIZA SL,C-V/00016,19/11/2025,COMERCIAL CALCO SA,19/11/2025,1396578,"3818,76","62523,12",Pedido de venta,Completamente facturado
190,6368-C-V/00017,17,ADG32 6368 LPIZA SL,C-V/00017,27/11/2025,BIGCORP SL,24/11/2025,1399620,"4159,98","66683,10",Pedido de venta,Completamente facturado
191,6368-C-V/00018,18,ADG32 6368 LPIZA SL,C-V/00018,27/11/2025,COMERCIAL CALCO SA,25/11/2025,1400636,"3484,80","70167,90",Pedido de venta,Completamente facturado
192,6368-C-V/00019,19,ADG32 6368 LPIZA SL,C-V/00019,27/11/2025,COMERCIAL CALCO SA,26/11/2025,1401687,"4700,85","74868,75",Pedido de venta,Completamente facturado
193,6368-C-V/00020,20,ADG32 6368 LPIZA SL,C-V/00020,03/12/2025,COMERCIAL CALCO SA,01/12/2025,1404663,"4421,34","79290,09",Pedido de venta,Completamente facturado
194,6368-C-V/00021,21,ADG32 6368 LPIZA SL,C-V/00021,03/12/2025,COMERCIAL CALCO SA,02/12/2025,1405731,"4381,41","83671,50",Pedido de venta,Completamente facturado
195,6368-C-V/00022,22,ADG32 6368 LPIZA SL,C-V/00022,03/12/2025,COMERCIAL CALCO SA,03/12/2025,1406750,"4061,97","87733,47",Pedido de venta,Completamente facturado
196,6368-C-V/00023,23,ADG32 6368 LPIZA SL,C-V/00023,10/12/2025,COMERCIAL CALCO SA,08/12/2025,1409464,"4352,37","92085,84",Pedido de venta,Completamente facturado
197,6368-C-V/00024,24,ADG32 6368 LPIZA SL,C-V/00024,10/12/2025,BIGCORP SL,09/12/2025,1410323,"4450,38","96536,22",Pedido de venta,Completamente facturado
198,6368-C-V/00025,25,ADG32 6368 LPIZA SL,C-V/00025,10/12/2025,BIGCORP SL,10/12/2025,1411485,"4366,89","100903,11",Pedido de venta,Completamente facturado
199,6368-C-V/00027,26,ADG32 6368 LPIZA SL,C-V/00027,17/12/2025,BIGCORP SL,15/12/2025,1414548,"3394,05","104297,16",Pedido de venta,Completamente facturado
200,6368-C-V/00028,27,ADG32 6368 LPIZA SL,C-V/00028,17/12/2025,BIGCORP SL,16/12/2025,1415478,"3909,51","108206,67",Pedido de venta,Completamente facturado
201,6368-C-V/00029,28,ADG32 6368 LPIZA SL,C-V/00029,17/12/2025,BIGCORP SL,17/12/2025,1416392,"3234,33","111441,00",Pedido de venta,Completamente facturado
202,6369-C-V/00001,1,ADG32 6369 VMASTRANGELO SL,C-V/00001,17/10/2025,COMERCIAL CALCO SA,17/10/2025,1377609,"4248,92","4248,92",Pedido de venta,Completamente facturado
203,6369-C-V/00002,2,ADG32 6369 VMASTRANGELO SL,C-V/00002,22/10/2025,BIGCORP SL,17/10/2025,1377610,"4153,63","8402,55",Pedido de venta,Completamente facturado
205,6369-C-V/00004,3,ADG32 6369 VMASTRANGELO SL,C-V/00004,23/10/2025,COMERCIAL CALCO SA,17/10/2025,1377611,"3531,08","11933,63",Pedido de venta,Completamente facturado
204,6369-C-V/00003,4,ADG32 6369 VMASTRANGELO SL,C-V/00003,23/10/2025,COMERCIAL CALCO SA,17/10/2025,1377612,"3855,06","15788,69",Pedido de venta,Completamente facturado
206,6369-C-V/00005,5,ADG32 6369 VMASTRANGELO SL,C-V/00005,29/10/2025,COMERCIAL CALCO SA,27/10/2025,1381492,"4583,78","20372,47",Pedido de venta,Completamente facturado
207,6369-C-V/00006,6,ADG32 6369 VMASTRANGELO SL,C-V/00006,29/10/2025,BIGCORP SL,28/10/2025,1382170,"3873,21","24245,68",Pedido de venta,Completamente facturado
208,6369-C-V/00007,7,ADG32 6369 VMASTRANGELO SL,C-V/00007,29/10/2025,BIGCORP SL,29/10/2025,1382717,"3289,69","27535,37",Pedido de venta,Completamente facturado
209,6369-C-V/00008,8,ADG32 6369 VMASTRANGELO SL,C-V/00008,05/11/2025,COMERCIAL CALCO SA,03/11/2025,1385763,"4173,59","31708,96",Pedido de venta,Completamente facturado
210,6369-C-V/00009,9,ADG32 6369 VMASTRANGELO SL,C-V/00009,05/11/2025,BIGCORP SL,04/11/2025,1386381,"3426,72","35135,68",Pedido de venta,Completamente facturado
211,6369-C-V/00010,10,ADG32 6369 VMASTRANGELO SL,C-V/00010,05/11/2025,BIGCORP SL,05/11/2025,1387191,"3703,51","38839,19",Pedido de venta,Completamente facturado
212,6369-C-V/00011,11,ADG32 6369 VMASTRANGELO SL,C-V/00011,12/11/2025,COMERCIAL CALCO SA,10/11/2025,1389693,"3294,23","42133,42",Pedido de venta,Completamente facturado
213,6369-C-V/00012,12,ADG32 6369 VMASTRANGELO SL,C-V/00012,12/11/2025,BIGCORP SL,11/11/2025,1390563,"4090,10","46223,52",Pedido de venta,Completamente facturado
214,6369-C-V/00013,13,ADG32 6369 VMASTRANGELO SL,C-V/00013,12/11/2025,COMERCIAL CALCO SA,12/11/2025,1391481,"4539,32","50762,84",Pedido de venta,Completamente facturado
215,6369-C-V/00014,14,ADG32 6369 VMASTRANGELO SL,C-V/00014,19/11/2025,BIGCORP SL,17/11/2025,1394553,"3463,02","54225,86",Pedido de venta,Completamente facturado
216,6369-C-V/00015,15,ADG32 6369 VMASTRANGELO SL,C-V/00015,19/11/2025,BIGCORP SL,18/11/2025,1395447,"4633,70","58859,56",Pedido de venta,Completamente facturado
217,6369-C-V/00016,16,ADG32 6369 VMASTRANGELO SL,C-V/00016,19/11/2025,COMERCIAL CALCO SA,19/11/2025,1396574,"3423,09","62282,65",Pedido de venta,Completamente facturado
218,6369-C-V/00017,17,ADG32 6369 VMASTRANGELO SL,C-V/00017,26/11/2025,BIGCORP SL,24/11/2025,1399609,"4598,30","66880,95",Pedido de venta,Completamente facturado
219,6369-C-V/00018,18,ADG32 6369 VMASTRANGELO SL,C-V/00018,26/11/2025,BIGCORP SL,25/11/2025,1400619,"4544,76","71425,71",Pedido de venta,Completamente facturado
220,6369-C-V/00019,19,ADG32 6369 VMASTRANGELO SL,C-V/00019,26/11/2025,BIGCORP SL,26/11/2025,1401681,"3507,49","74933,20",Pedido de venta,Completamente facturado
221,6369-C-V/00020,20,ADG32 6369 VMASTRANGELO SL,C-V/00020,03/12/2025,COMERCIAL CALCO SA,01/12/2025,1404650,"3859,60","78792,80",Pedido de venta,Completamente facturado
222,6369-C-V/00021,21,ADG32 6369 VMASTRANGELO SL,C-V/00021,03/12/2025,COMERCIAL CALCO SA,02/12/2025,1405727,"3967,59","82760,39",Pedido de venta,Completamente facturado
223,6369-C-V/00022,22,ADG32 6369 VMASTRANGELO SL,C-V/00022,03/12/2025,BIGCORP SL,03/12/2025,1406735,"3653,60","86413,99",Pedido de venta,Completamente facturado
224,6369-C-V/00023,23,ADG32 6369 VMASTRANGELO SL,C-V/00023,10/12/2025,COMERCIAL CALCO SA,08/12/2025,1409460,"4285,22","90699,21",Pedido de venta,Completamente facturado
225,6369-C-V/00024,24,ADG32 6369 VMASTRANGELO SL,C-V/00024,10/12/2025,BIGCORP SL,09/12/2025,1410317,"3245,22","93944,43",Pedido de venta,Completamente facturado
226,6369-C-V/00025,25,ADG32 6369 VMASTRANGELO SL,C-V/00025,10/12/2025,BIGCORP SL,10/12/2025,1411481,"4336,04","98280,47",Pedido de venta,Completamente facturado
228,6369-C-V/00027,26,ADG32 6369 VMASTRANGELO SL,C-V/00027,17/12/2025,COMERCIAL CALCO SA,15/12/2025,1414544,"3881,38","102161,85",Pedido de venta,Completamente facturado
229,6369-C-V/00028,27,ADG32 6369 VMASTRANGELO SL,C-V/00028,17/12/2025,BIGCORP SL,16/12/2025,1415474,"3455,76","105617,61",Pedido de venta,Completamente facturado
230,6369-C-V/00029,28,ADG32 6369 VMASTRANGELO SL,C-V/00029,17/12/2025,BIGCORP SL,17/12/2025,1416387,"4429,51","110047,12",Pedido de venta,Completamente facturado
231,6427-C-V/00001,1,ADG32 6427 NANANOU SL,C-V/00001,17/10/2025,BIGCORP SL,17/10/2025,1377587,"3208,92","3208,92",Pedido de venta,Completamente facturado
234,6427-C-V/00004,2,ADG32 6427 NANANOU SL,C-V/00004,23/10/2025,BIGCORP SL,17/10/2025,1377588,"3691,71","6900,63",Pedido de venta,Completamente facturado
233,6427-C-V/00003,3,ADG32 6427 NANANOU SL,C-V/00003,23/10/2025,COMERCIAL CALCO SA,17/10/2025,1377589,"4032,93","10933,56",Pedido de venta,Completamente facturado
232,6427-C-V/00002,4,ADG32 6427 NANANOU SL,C-V/00002,23/10/2025,COMERCIAL CALCO SA,17/10/2025,1377590,"3510,21","14443,77",Pedido de venta,Completamente facturado
235,6427-C-V/00005,5,ADG32 6427 NANANOU SL,C-V/00005,29/10/2025,COMERCIAL CALCO SA,27/10/2025,1381480,"3292,41","17736,18",Pedido de venta,Completamente facturado
236,6427-C-V/00006,6,ADG32 6427 NANANOU SL,C-V/00006,29/10/2025,COMERCIAL CALCO SA,28/10/2025,1382164,"3357,75","21093,93",Pedido de venta,Completamente facturado
237,6427-C-V/00007,7,ADG32 6427 NANANOU SL,C-V/00007,29/10/2025,BIGCORP SL,29/10/2025,1382711,"3989,37","25083,30",Pedido de venta,Completamente facturado
238,6427-C-V/00008,8,ADG32 6427 NANANOU SL,C-V/00008,05/11/2025,COMERCIAL CALCO SA,03/11/2025,1385749,"3303,30","28386,60",Pedido de venta,Completamente facturado
239,6427-C-V/00009,9,ADG32 6427 NANANOU SL,C-V/00009,05/11/2025,BIGCORP SL,04/11/2025,1386363,"4704,48","33091,08",Pedido de venta,Completamente facturado
240,6427-C-V/00010,10,ADG32 6427 NANANOU SL,C-V/00010,05/11/2025,BIGCORP SL,05/11/2025,1387186,"4682,70","37773,78",Pedido de venta,Completamente facturado
241,6427-C-V/00011,11,ADG32 6427 NANANOU SL,C-V/00011,12/11/2025,BIGCORP SL,10/11/2025,1389680,"3379,53","41153,31",Pedido de venta,Completamente facturado
242,6427-C-V/00012,12,ADG32 6427 NANANOU SL,C-V/00012,12/11/2025,BIGCORP SL,11/11/2025,1390545,"3793,35","44946,66",Pedido de venta,Completamente facturado
243,6427-C-V/00013,13,ADG32 6427 NANANOU SL,C-V/00013,12/11/2025,COMERCIAL CALCO SA,12/11/2025,1391470,"4007,52","48954,18",Pedido de venta,Completamente facturado
244,6427-C-V/00014,14,ADG32 6427 NANANOU SL,C-V/00014,21/11/2025,BIGCORP SL,17/11/2025,1394546,"3909,51","52863,69",Pedido de venta,Completamente facturado
245,6427-C-V/00015,15,ADG32 6427 NANANOU SL,C-V/00015,21/11/2025,COMERCIAL CALCO SA,18/11/2025,1395435,"4704,48","57568,17",Pedido de venta,Completamente facturado
246,6427-C-V/00016,16,ADG32 6427 NANANOU SL,C-V/00016,21/11/2025,BIGCORP SL,19/11/2025,1396564,"3198,03","60766,20",Pedido de venta,Completamente facturado
247,6427-C-V/00017,17,ADG32 6427 NANANOU SL,C-V/00017,26/11/2025,BIGCORP SL,24/11/2025,1399601,"4508,46","65274,66",Pedido de venta,Completamente facturado
248,6427-C-V/00018,18,ADG32 6427 NANANOU SL,C-V/00018,26/11/2025,BIGCORP SL,25/11/2025,1400610,"4000,26","69274,92",Pedido de venta,Completamente facturado
249,6427-C-V/00019,19,ADG32 6427 NANANOU SL,C-V/00019,26/11/2025,COMERCIAL CALCO SA,26/11/2025,1401672,"3553,77","72828,69",Pedido de venta,Completamente facturado
250,6427-C-V/00020,20,ADG32 6427 NANANOU SL,C-V/00020,03/12/2025,BIGCORP SL,01/12/2025,1404637,"3524,73","76353,42",Pedido de venta,Completamente facturado
251,6427-C-V/00021,21,ADG32 6427 NANANOU SL,C-V/00021,03/12/2025,BIGCORP SL,02/12/2025,1405720,"4189,02","80542,44",Pedido de venta,Completamente facturado
252,6427-C-V/00022,22,ADG32 6427 NANANOU SL,C-V/00022,03/12/2025,BIGCORP SL,03/12/2025,1406728,"3455,76","83998,20",Pedido de venta,Completamente facturado
253,6427-C-V/00023,23,ADG32 6427 NANANOU SL,C-V/00023,10/12/2025,COMERCIAL CALCO SA,08/12/2025,1409455,"4076,49","88074,69",Pedido de venta,Completamente facturado
254,6427-C-V/00024,24,ADG32 6427 NANANOU SL,C-V/00024,10/12/2025,COMERCIAL CALCO SA,09/12/2025,1410310,"4795,23","92869,92",Pedido de venta,Completamente facturado
255,6427-C-V/00025,25,ADG32 6427 NANANOU SL,C-V/00025,10/12/2025,BIGCORP SL,10/12/2025,1411470,"3757,05","96626,97",Pedido de venta,Completamente facturado
256,6427-C-V/00027,26,ADG32 6427 NANANOU SL,C-V/00027,18/12/2025,BIGCORP SL,15/12/2025,1414539,"3553,77","100180,74",Pedido de venta,Completamente facturado
257,6427-C-V/00028,27,ADG32 6427 NANANOU SL,C-V/00028,18/12/2025,BIGCORP SL,16/12/2025,1415469,"3626,37","103807,11",Pedido de venta,Completamente facturado
258,6427-C-V/00029,28,ADG32 6427 NANANOU SL,C-V/00029,18/12/2025,BIGCORP SL,17/12/2025,1416377,"4287,03","108094,14",Pedido de venta,Completamente facturado
260,6428-C-V/00001,1,ADG32 6428 ABOUBAL SL,C-V/00001,24/10/2025,COMERCIAL CALCO SA,17/10/2025,1377569,"3528,36","3528,36",Pedido de venta,Completamente facturado
261,6428-C-V/00002,2,ADG32 6428 ABOUBAL SL,C-V/00002,24/10/2025,COMERCIAL CALCO SA,17/10/2025,1377570,"3786,09","7314,45",Pedido de venta,Completamente facturado
262,6428-C-V/00003,3,ADG32 6428 ABOUBAL SL,C-V/00003,24/10/2025,COMERCIAL CALCO SA,17/10/2025,1377571,"4123,68","11438,13",Pedido de venta,Completamente facturado
263,6428-C-V/00004,4,ADG32 6428 ABOUBAL SL,C-V/00004,24/10/2025,COMERCIAL CALCO SA,17/10/2025,1377572,"4577,43","16015,56",Pedido de venta,Completamente facturado
264,6428-C-V/00005,5,ADG32 6428 ABOUBAL SL,C-V/00005,29/10/2025,COMERCIAL CALCO SA,27/10/2025,1381475,"3869,58","19885,14",Pedido de venta,Completamente facturado
265,6428-C-V/00006,6,ADG32 6428 ABOUBAL SL,C-V/00006,29/10/2025,COMERCIAL CALCO SA,28/10/2025,1382159,"3230,70","23115,84",Pedido de venta,Completamente facturado
266,6428-C-V/00007,7,ADG32 6428 ABOUBAL SL,C-V/00007,29/10/2025,COMERCIAL CALCO SA,29/10/2025,1382707,"4642,77","27758,61",Pedido de venta,Completamente facturado
267,6428-C-V/00008,8,ADG32 6428 ABOUBAL SL,C-V/00008,05/11/2025,BIGCORP SL,03/11/2025,1385743,"4178,13","31936,74",Pedido de venta,Completamente facturado
268,6428-C-V/00009,9,ADG32 6428 ABOUBAL SL,C-V/00009,05/11/2025,COMERCIAL CALCO SA,04/11/2025,1386354,"3386,79","35323,53",Pedido de venta,Completamente facturado
269,6428-C-V/00010,10,ADG32 6428 ABOUBAL SL,C-V/00010,05/11/2025,COMERCIAL CALCO SA,05/11/2025,1387183,"4552,02","39875,55",Pedido de venta,Completamente facturado
270,6428-C-V/00011,11,ADG32 6428 ABOUBAL SL,C-V/00011,12/11/2025,COMERCIAL CALCO SA,10/11/2025,1389682,"4428,60","44304,15",Pedido de venta,Completamente facturado
271,6428-C-V/00012,12,ADG32 6428 ABOUBAL SL,C-V/00012,12/11/2025,BIGCORP SL,11/11/2025,1390539,"3335,97","47640,12",Pedido de venta,Completamente facturado
272,6428-C-V/00013,13,ADG32 6428 ABOUBAL SL,C-V/00013,12/11/2025,BIGCORP SL,12/11/2025,1391466,"3659,04","51299,16",Pedido de venta,Completamente facturado
273,6428-C-V/00014,14,ADG32 6428 ABOUBAL SL,C-V/00014,19/11/2025,BIGCORP SL,17/11/2025,1394543,"4755,30","56054,46",Pedido de venta,Completamente facturado
274,6428-C-V/00015,15,ADG32 6428 ABOUBAL SL,C-V/00015,19/11/2025,BIGCORP SL,18/11/2025,1395432,"4435,86","60490,32",Pedido de venta,Completamente facturado
275,6428-C-V/00016,16,ADG32 6428 ABOUBAL SL,C-V/00016,19/11/2025,BIGCORP SL,19/11/2025,1396561,"3869,58","64359,90",Pedido de venta,Completamente facturado
276,6428-C-V/00017,17,ADG32 6428 ABOUBAL SL,C-V/00017,26/11/2025,COMERCIAL CALCO SA,24/11/2025,1399597,"3441,24","67801,14",Pedido de venta,Completamente facturado
277,6428-C-V/00018,18,ADG32 6428 ABOUBAL SL,C-V/00018,26/11/2025,COMERCIAL CALCO SA,25/11/2025,1400606,"4664,55","72465,69",Pedido de venta,Completamente facturado
278,6428-C-V/00019,19,ADG32 6428 ABOUBAL SL,C-V/00019,26/11/2025,COMERCIAL CALCO SA,26/11/2025,1401667,"4199,91","76665,60",Pedido de venta,Completamente facturado
279,6428-C-V/00020,20,ADG32 6428 ABOUBAL SL,C-V/00020,03/12/2025,BIGCORP SL,01/12/2025,1404631,"3401,31","80066,91",Pedido de venta,Completamente facturado
280,6428-C-V/00021,21,ADG32 6428 ABOUBAL SL,C-V/00021,03/12/2025,COMERCIAL CALCO SA,02/12/2025,1405718,"4755,30","84822,21",Pedido de venta,Completamente facturado
281,6428-C-V/00022,22,ADG32 6428 ABOUBAL SL,C-V/00022,03/12/2025,BIGCORP SL,03/12/2025,1406722,"3648,15","88470,36",Pedido de venta,Completamente facturado
282,6428-C-V/00023,23,ADG32 6428 ABOUBAL SL,C-V/00023,10/12/2025,COMERCIAL CALCO SA,08/12/2025,1409453,"3934,92","92405,28",Pedido de venta,Completamente facturado
283,6428-C-V/00024,24,ADG32 6428 ABOUBAL SL,C-V/00024,10/12/2025,BIGCORP SL,09/12/2025,1410306,"4058,34","96463,62",Pedido de venta,Completamente facturado
284,6428-C-V/00025,25,ADG32 6428 ABOUBAL SL,C-V/00025,10/12/2025,COMERCIAL CALCO SA,10/12/2025,1411466,"3379,53","99843,15",Pedido de venta,Completamente facturado
285,6428-C-V/00026,26,ADG32 6428 ABOUBAL SL,C-V/00026,18/12/2025,COMERCIAL CALCO SA,15/12/2025,1414537,"3720,75","103563,90",Pedido de venta,Completamente facturado
286,6428-C-V/00027,27,ADG32 6428 ABOUBAL SL,C-V/00027,18/12/2025,BIGCORP SL,16/12/2025,1415467,"3444,87","107008,77",Pedido de venta,Completamente facturado
287,6428-C-V/00028,28,ADG32 6428 ABOUBAL SL,C-V/00028,18/12/2025,COMERCIAL CALCO SA,17/12/2025,1416375,"3982,11","110990,88",Pedido de venta,Completamente facturado
289,6431-C-V/00001,1,ADG32 6431 GZOUGGAGHI SL,C-V/00001,17/10/2025,BIGCORP SL,17/10/2025,1377657,"3949,44","3949,44",Pedido de venta,Completamente facturado
290,6431-C-V/00002,2,ADG32 6431 GZOUGGAGHI SL,C-V/00002,22/10/2025,BIGCORP SL,17/10/2025,1377658,"3648,15","7597,59",Pedido de venta,Completamente facturado
291,6431-C-V/00003,3,ADG32 6431 GZOUGGAGHI SL,C-V/00003,22/10/2025,BIGCORP SL,17/10/2025,1377659,"3214,37","10811,96",Pedido de venta,Completamente facturado
292,6431-C-V/00004,4,ADG32 6431 GZOUGGAGHI SL,C-V/00004,22/10/2025,BIGCORP SL,17/10/2025,1377660,"3914,96","14726,92",Pedido de venta,Completamente facturado
293,6431-C-V/00005,5,ADG32 6431 GZOUGGAGHI SL,C-V/00005,29/10/2025,COMERCIAL CALCO SA,27/10/2025,1381524,"3305,12","18032,04",Pedido de venta,Completamente facturado
294,6431-C-V/00006,6,ADG32 6431 GZOUGGAGHI SL,C-V/00006,29/10/2025,BIGCORP SL,28/10/2025,1382198,"4232,58","22264,62",Pedido de venta,Completamente facturado
295,6431-C-V/00007,7,ADG32 6431 GZOUGGAGHI SL,C-V/00007,29/10/2025,BIGCORP SL,29/10/2025,1382739,"3261,56","25526,18",Pedido de venta,Completamente facturado
296,6431-C-V/00009,8,ADG32 6431 GZOUGGAGHI SL,C-V/00009,05/11/2025,BIGCORP SL,03/11/2025,1385773,"4140,02","29666,20",Pedido de venta,Completamente facturado
297,6431-C-V/00010,9,ADG32 6431 GZOUGGAGHI SL,C-V/00010,05/11/2025,COMERCIAL CALCO SA,04/11/2025,1386403,"3764,31","33430,51",Pedido de venta,Completamente facturado
298,6431-C-V/00012,10,ADG32 6431 GZOUGGAGHI SL,C-V/00012,05/11/2025,BIGCORP SL,05/11/2025,1387218,"3660,86","37091,37",Pedido de venta,Completamente facturado
299,6431-C-V/00013,11,ADG32 6431 GZOUGGAGHI SL,C-V/00013,12/11/2025,COMERCIAL CALCO SA,10/11/2025,1389704,"3245,22","40336,59",Pedido de venta,Completamente facturado
300,6431-C-V/00014,12,ADG32 6431 GZOUGGAGHI SL,C-V/00014,12/11/2025,COMERCIAL CALCO SA,11/11/2025,1390583,"3604,59","43941,18",Pedido de venta,Completamente facturado
301,6431-C-V/00015,13,ADG32 6431 GZOUGGAGHI SL,C-V/00015,12/11/2025,COMERCIAL CALCO SA,12/11/2025,1391497,"4682,70","48623,88",Pedido de venta,Completamente facturado
302,6431-C-V/00016,14,ADG32 6431 GZOUGGAGHI SL,C-V/00016,19/11/2025,COMERCIAL CALCO SA,17/11/2025,1394572,"4363,26","52987,14",Pedido de venta,Completamente facturado
303,6431-C-V/00017,15,ADG32 6431 GZOUGGAGHI SL,C-V/00017,19/11/2025,COMERCIAL CALCO SA,18/11/2025,1395483,"4045,64","57032,78",Pedido de venta,Completamente facturado
304,6431-C-V/00018,16,ADG32 6431 GZOUGGAGHI SL,C-V/00018,19/11/2025,COMERCIAL CALCO SA,19/11/2025,1396595,"3755,24","60788,02",Pedido de venta,Completamente facturado
305,6431-C-V/00019,17,ADG32 6431 GZOUGGAGHI SL,C-V/00019,26/11/2025,COMERCIAL CALCO SA,24/11/2025,1399642,"3394,05","64182,07",Pedido de venta,Completamente facturado
306,6431-C-V/00020,18,ADG32 6431 GZOUGGAGHI SL,C-V/00020,26/11/2025,BIGCORP SL,25/11/2025,1400654,"4014,78","68196,85",Pedido de venta,Completamente facturado
307,6431-C-V/00021,19,ADG32 6431 GZOUGGAGHI SL,C-V/00021,26/11/2025,COMERCIAL CALCO SA,26/11/2025,1401702,"4221,69","72418,54",Pedido de venta,Completamente facturado
308,6431-C-V/00022,20,ADG32 6431 GZOUGGAGHI SL,C-V/00022,03/12/2025,COMERCIAL CALCO SA,01/12/2025,1404681,"4390,49","76809,03",Pedido de venta,Completamente facturado
309,6431-C-V/00023,21,ADG32 6431 GZOUGGAGHI SL,C-V/00023,03/12/2025,COMERCIAL CALCO SA,02/12/2025,1405737,"4775,27","81584,30",Pedido de venta,Completamente facturado
310,6431-C-V/00024,22,ADG32 6431 GZOUGGAGHI SL,C-V/00024,03/12/2025,BIGCORP SL,03/12/2025,1406760,"3766,13","85350,43",Pedido de venta,Completamente facturado
311,6431-C-V/00025,23,ADG32 6431 GZOUGGAGHI SL,C-V/00025,10/12/2025,COMERCIAL CALCO SA,08/12/2025,1409470,"4040,19","89390,62",Pedido de venta,Completamente facturado
312,6431-C-V/00026,24,ADG32 6431 GZOUGGAGHI SL,C-V/00026,10/12/2025,BIGCORP SL,09/12/2025,1410329,"4042,01","93432,63",Pedido de venta,Completamente facturado
313,6431-C-V/00027,25,ADG32 6431 GZOUGGAGHI SL,C-V/00027,10/12/2025,BIGCORP SL,10/12/2025,1411495,"4746,23","98178,86",Pedido de venta,Completamente facturado
315,6431-C-V/00029,26,ADG32 6431 GZOUGGAGHI SL,C-V/00029,17/12/2025,BIGCORP SL,15/12/2025,1414554,"3493,88","101672,74",Pedido de venta,Completamente facturado
316,6431-C-V/00030,27,ADG32 6431 GZOUGGAGHI SL,C-V/00030,17/12/2025,COMERCIAL CALCO SA,16/12/2025,1415484,"4023,86","105696,60",Pedido de venta,Completamente facturado
317,6431-C-V/00031,28,ADG32 6431 GZOUGGAGHI SL,C-V/00031,17/12/2025,COMERCIAL CALCO SA,17/12/2025,1416399,"4296,11","109992,71",Pedido de venta,Completamente facturado
318,6702-C-V/00001,1,ADG32 6702 NFORNES SL,C-V/00001,17/10/2025,COMERCIAL CALCO SA,17/10/2025,1377553,"3237,96","3237,96",Pedido de venta,Completamente facturado
320,6702-C-V/00003,2,ADG32 6702 NFORNES SL,C-V/00003,23/10/2025,COMERCIAL CALCO SA,17/10/2025,1377554,"3521,10","6759,06",Pedido de venta,Completamente facturado
319,6702-C-V/00002,3,ADG32 6702 NFORNES SL,C-V/00002,22/10/2025,COMERCIAL CALCO SA,17/10/2025,1377555,"4036,56","10795,62",Pedido de venta,Completamente facturado
321,6702-C-V/00004,4,ADG32 6702 NFORNES SL,C-V/00004,23/10/2025,BIGCORP SL,17/10/2025,1377556,"4352,37","15147,99",Pedido de venta,Completamente facturado
324,6702-C-V/00007,5,ADG32 6702 NFORNES SL,C-V/00007,29/10/2025,BIGCORP SL,27/10/2025,1381469,"3350,49","18498,48",Pedido de venta,Completamente facturado
322,6702-C-V/00005,6,ADG32 6702 NFORNES SL,C-V/00005,29/10/2025,COMERCIAL CALCO SA,28/10/2025,1382154,"3630,00","22128,48",Pedido de venta,Completamente facturado
323,6702-C-V/00006,7,ADG32 6702 NFORNES SL,C-V/00006,29/10/2025,BIGCORP SL,29/10/2025,1382692,"4660,92","26789,40",Pedido de venta,Completamente facturado
325,6702-C-V/00008,8,ADG32 6702 NFORNES SL,C-V/00008,05/11/2025,COMERCIAL CALCO SA,03/11/2025,1385731,"3499,32","30288,72",Pedido de venta,Completamente facturado
326,6702-C-V/00009,9,ADG32 6702 NFORNES SL,C-V/00009,05/11/2025,BIGCORP SL,04/11/2025,1386346,"3401,31","33690,03",Pedido de venta,Completamente facturado
327,6702-C-V/00010,10,ADG32 6702 NFORNES SL,C-V/00010,05/11/2025,BIGCORP SL,05/11/2025,1387172,"4007,52","37697,55",Pedido de venta,Completamente facturado
328,6702-C-V/00011,11,ADG32 6702 NFORNES SL,C-V/00011,12/11/2025,BIGCORP SL,10/11/2025,1389676,"4167,24","41864,79",Pedido de venta,Completamente facturado
329,6702-C-V/00012,12,ADG32 6702 NFORNES SL,C-V/00012,12/11/2025,BIGCORP SL,11/11/2025,1390526,"3292,41","45157,20",Pedido de venta,Completamente facturado
330,6702-C-V/00013,13,ADG32 6702 NFORNES SL,C-V/00013,12/11/2025,COMERCIAL CALCO SA,12/11/2025,1391455,"4199,91","49357,11",Pedido de venta,Completamente facturado
332,6702-C-V/00015,14,ADG32 6702 NFORNES SL,C-V/00015,19/11/2025,COMERCIAL CALCO SA,17/11/2025,1394531,"4719,00","54076,11",Pedido de venta,Completamente facturado
333,6702-C-V/00017,15,ADG32 6702 NFORNES SL,C-V/00017,19/11/2025,BIGCORP SL,18/11/2025,1395426,"3383,16","57459,27",Pedido de venta,Completamente facturado
331,6702-C-V/00014,16,ADG32 6702 NFORNES SL,C-V/00014,19/11/2025,COMERCIAL CALCO SA,19/11/2025,1396553,"4141,83","61601,10",Pedido de venta,Completamente facturado
334,6702-C-V/00018,17,ADG32 6702 NFORNES SL,C-V/00018,25/11/2025,BIGCORP SL,24/11/2025,1399593,"3586,44","65187,54",Pedido de venta,Completamente facturado
335,6702-C-V/00019,18,ADG32 6702 NFORNES SL,C-V/00019,25/11/2025,BIGCORP SL,25/11/2025,1400599,"4287,03","69474,57",Pedido de venta,Completamente facturado
336,6702-C-V/00020,19,ADG32 6702 NFORNES SL,C-V/00020,26/11/2025,COMERCIAL CALCO SA,26/11/2025,1401658,"3865,95","73340,52",Pedido de venta,Completamente facturado
337,6702-C-V/00021,20,ADG32 6702 NFORNES SL,C-V/00021,03/12/2025,COMERCIAL CALCO SA,01/12/2025,1404625,"4479,42","77819,94",Pedido de venta,Completamente facturado
339,6702-C-V/00023,21,ADG32 6702 NFORNES SL,C-V/00023,03/12/2025,BIGCORP SL,02/12/2025,1405710,"4094,64","81914,58",Pedido de venta,Completamente facturado
338,6702-C-V/00022,22,ADG32 6702 NFORNES SL,C-V/00022,03/12/2025,COMERCIAL CALCO SA,03/12/2025,1406715,"3386,79","85301,37",Pedido de venta,Completamente facturado
340,6702-C-V/00024,23,ADG32 6702 NFORNES SL,C-V/00024,09/12/2025,COMERCIAL CALCO SA,08/12/2025,1409449,"3452,13","88753,50",Pedido de venta,Completamente facturado
341,6702-C-V/00025,24,ADG32 6702 NFORNES SL,C-V/00025,09/12/2025,COMERCIAL CALCO SA,09/12/2025,1410301,"4352,37","93105,87",Pedido de venta,Completamente facturado
342,6702-C-V/00026,25,ADG32 6702 NFORNES SL,C-V/00026,10/12/2025,COMERCIAL CALCO SA,10/12/2025,1411461,"4679,07","97784,94",Pedido de venta,Completamente facturado
343,6702-C-V/00027,26,ADG32 6702 NFORNES SL,C-V/00027,15/12/2025,BIGCORP SL,15/12/2025,1414530,"4519,35","102304,29",Pedido de venta,Completamente facturado
344,6702-C-V/00028,27,ADG32 6702 NFORNES SL,C-V/00028,16/12/2025,BIGCORP SL,16/12/2025,1415458,"3651,78","105956,07",Pedido de venta,Completamente facturado
346,6702-C-V/00030,28,ADG32 6702 NFORNES SL,C-V/00030,18/12/2025,BIGCORP SL,17/12/2025,1416367,"3767,94","109724,01",Pedido de venta,Completamente facturado
347,6706-C-V/00001,1,ADG32 6706 NSUIYHI SL,C-V/00001,17/10/2025,COMERCIAL CALCO SA,17/10/2025,1377525,"3648,15","3648,15",Pedido de venta,Completamente facturado
348,6706-C-V/00002,2,ADG32 6706 NSUIYHI SL,C-V/00002,23/10/2025,BIGCORP SL,17/10/2025,1377526,"3898,62","7546,77",Pedido de venta,Completamente facturado
349,6706-C-V/00003,3,ADG32 6706 NSUIYHI SL,C-V/00003,23/10/2025,BIGCORP SL,17/10/2025,1377527,"4323,33","11870,10",Pedido de venta,Completamente facturado
350,6706-C-V/00004,4,ADG32 6706 NSUIYHI SL,C-V/00004,23/10/2025,COMERCIAL CALCO SA,17/10/2025,1377528,"4279,77","16149,87",Pedido de venta,Completamente facturado
351,6706-C-V/00005,5,ADG32 6706 NSUIYHI SL,C-V/00005,29/10/2025,BIGCORP SL,27/10/2025,1381444,"4290,66","20440,53",Pedido de venta,Completamente facturado
352,6706-C-V/00006,6,ADG32 6706 NSUIYHI SL,C-V/00006,29/10/2025,COMERCIAL CALCO SA,28/10/2025,1382144,"4225,32","24665,85",Pedido de venta,Completamente facturado
353,6706-C-V/00007,7,ADG32 6706 NSUIYHI SL,C-V/00007,29/10/2025,COMERCIAL CALCO SA,29/10/2025,1382678,"3463,02","28128,87",Pedido de venta,Completamente facturado
356,6706-C-V/00013,8,ADG32 6706 NSUIYHI SL,C-V/00013,05/11/2025,COMERCIAL CALCO SA,03/11/2025,1385701,"3419,46","31548,33",Pedido de venta,Completamente facturado
355,6706-C-V/00012,9,ADG32 6706 NSUIYHI SL,C-V/00012,05/11/2025,COMERCIAL CALCO SA,04/11/2025,1386329,"4595,58","36143,91",Pedido de venta,Completamente facturado
354,6706-C-V/00011,10,ADG32 6706 NSUIYHI SL,C-V/00011,05/11/2025,BIGCORP SL,05/11/2025,1387161,"3931,29","40075,20",Pedido de venta,Completamente facturado
359,6706-C-V/00016,11,ADG32 6706 NSUIYHI SL,C-V/00016,12/11/2025,COMERCIAL CALCO SA,10/11/2025,1389662,"4257,99","44333,19",Pedido de venta,Completamente facturado
357,6706-C-V/00014,12,ADG32 6706 NSUIYHI SL,C-V/00014,12/11/2025,COMERCIAL CALCO SA,11/11/2025,1390516,"4083,75","48416,94",Pedido de venta,Completamente facturado
358,6706-C-V/00015,13,ADG32 6706 NSUIYHI SL,C-V/00015,12/11/2025,COMERCIAL CALCO SA,12/11/2025,1391443,"4203,54","52620,48",Pedido de venta,Completamente facturado
360,6706-C-V/00017,14,ADG32 6706 NSUIYHI SL,C-V/00017,19/11/2025,BIGCORP SL,17/11/2025,1394517,"3397,68","56018,16",Pedido de venta,Completamente facturado
361,6706-C-V/00018,15,ADG32 6706 NSUIYHI SL,C-V/00018,19/11/2025,COMERCIAL CALCO SA,18/11/2025,1395411,"3931,29","59949,45",Pedido de venta,Completamente facturado
362,6706-C-V/00019,16,ADG32 6706 NSUIYHI SL,C-V/00019,19/11/2025,BIGCORP SL,19/11/2025,1396541,"4606,47","64555,92",Pedido de venta,Completamente facturado
364,6706-C-V/00021,17,ADG32 6706 NSUIYHI SL,C-V/00021,26/11/2025,COMERCIAL CALCO SA,24/11/2025,1399582,"4410,45","68966,37",Pedido de venta,Completamente facturado
363,6706-C-V/00020,18,ADG32 6706 NSUIYHI SL,C-V/00020,26/11/2025,COMERCIAL CALCO SA,25/11/2025,1400586,"4443,12","73409,49",Pedido de venta,Completamente facturado
365,6706-C-V/00022,19,ADG32 6706 NSUIYHI SL,C-V/00022,26/11/2025,BIGCORP SL,26/11/2025,1401644,"4737,15","78146,64",Pedido de venta,Completamente facturado
367,6706-C-V/00024,20,ADG32 6706 NSUIYHI SL,C-V/00024,03/12/2025,COMERCIAL CALCO SA,01/12/2025,1404607,"4072,86","82219,50",Pedido de venta,Completamente facturado
366,6706-C-V/00023,21,ADG32 6706 NSUIYHI SL,C-V/00023,03/12/2025,COMERCIAL CALCO SA,02/12/2025,1405700,"4061,97","86281,47",Pedido de venta,Completamente facturado
368,6706-C-V/00025,22,ADG32 6706 NSUIYHI SL,C-V/00025,03/12/2025,COMERCIAL CALCO SA,03/12/2025,1406704,"4127,31","90408,78",Pedido de venta,Completamente facturado
370,6706-C-V/00027,23,ADG32 6706 NSUIYHI SL,C-V/00027,10/12/2025,COMERCIAL CALCO SA,08/12/2025,1409435,"3985,74","94394,52",Pedido de venta,Completamente facturado
369,6706-C-V/00026,24,ADG32 6706 NSUIYHI SL,C-V/00026,10/12/2025,BIGCORP SL,09/12/2025,1410288,"3212,55","97607,07",Pedido de venta,Completamente facturado
371,6706-C-V/00028,25,ADG32 6706 NSUIYHI SL,C-V/00028,10/12/2025,BIGCORP SL,10/12/2025,1411449,"4247,10","101854,17",Pedido de venta,Completamente facturado
375,6706-C-V/00032,26,ADG32 6706 NSUIYHI SL,C-V/00032,18/12/2025,BIGCORP SL,15/12/2025,1414526,"3267,00","105121,17",Pedido de venta,Completamente facturado
374,6706-C-V/00031,27,ADG32 6706 NSUIYHI SL,C-V/00031,18/12/2025,COMERCIAL CALCO SA,16/12/2025,1415445,"3201,66","108322,83",Pedido de venta,Completamente facturado
373,6706-C-V/00030,28,ADG32 6706 NSUIYHI SL,C-V/00030,18/12/2025,COMERCIAL CALCO SA,17/12/2025,1416350,"3550,14","111872,97",Pedido de venta,Completamente facturado
376,6707-C-V/00001,1,ADG32 6707 MOUAZINE SL,C-V/00001,17/10/2025,BIGCORP SL,17/10/2025,1377577,"4098,27","4098,27",Pedido de venta,Completamente facturado
377,6707-C-V/00002,2,ADG32 6707 MOUAZINE SL,C-V/00002,24/10/2025,COMERCIAL CALCO SA,17/10/2025,1377578,"4022,04","8120,31",Pedido de venta,Completamente facturado
378,6707-C-V/00003,3,ADG32 6707 MOUAZINE SL,C-V/00003,24/10/2025,COMERCIAL CALCO SA,17/10/2025,1377580,"4443,12","12563,43",Pedido de venta,Completamente facturado
379,6707-C-V/00004,4,ADG32 6707 MOUAZINE SL,C-V/00004,24/10/2025,COMERCIAL CALCO SA,17/10/2025,1377582,"4606,47","17169,90",Pedido de venta,Completamente facturado
380,6707-C-V/00005,5,ADG32 6707 MOUAZINE SL,C-V/00005,29/10/2025,COMERCIAL CALCO SA,27/10/2025,1381474,"4352,37","21522,27",Pedido de venta,Completamente facturado
381,6707-C-V/00006,6,ADG32 6707 MOUAZINE SL,C-V/00006,29/10/2025,BIGCORP SL,28/10/2025,1382163,"3412,20","24934,47",Pedido de venta,Completamente facturado
382,6707-C-V/00007,7,ADG32 6707 MOUAZINE SL,C-V/00007,29/10/2025,COMERCIAL CALCO SA,29/10/2025,1382709,"4657,29","29591,76",Pedido de venta,Completamente facturado
383,6707-C-V/00008,8,ADG32 6707 MOUAZINE SL,C-V/00008,05/11/2025,COMERCIAL CALCO SA,03/11/2025,1385746,"4145,46","33737,22",Pedido de venta,Completamente facturado
384,6707-C-V/00009,9,ADG32 6707 MOUAZINE SL,C-V/00009,05/11/2025,BIGCORP SL,04/11/2025,1386358,"3357,75","37094,97",Pedido de venta,Completamente facturado
385,6707-C-V/00010,10,ADG32 6707 MOUAZINE SL,C-V/00010,05/11/2025,COMERCIAL CALCO SA,05/11/2025,1387185,"4559,28","41654,25",Pedido de venta,Completamente facturado
386,6707-C-V/00011,11,ADG32 6707 MOUAZINE SL,C-V/00011,14/11/2025,BIGCORP SL,10/11/2025,1389683,"3978,48","45632,73",Pedido de venta,Completamente facturado
387,6707-C-V/00012,12,ADG32 6707 MOUAZINE SL,C-V/00012,14/11/2025,COMERCIAL CALCO SA,11/11/2025,1390542,"3713,49","49346,22",Pedido de venta,Completamente facturado
388,6707-C-V/00013,13,ADG32 6707 MOUAZINE SL,C-V/00013,14/11/2025,COMERCIAL CALCO SA,12/11/2025,1391469,"3934,92","53281,14",Pedido de venta,Completamente facturado
389,6707-C-V/00014,14,ADG32 6707 MOUAZINE SL,C-V/00014,19/11/2025,COMERCIAL CALCO SA,17/11/2025,1394544,"4087,38","57368,52",Pedido de venta,Completamente facturado
390,6707-C-V/00015,15,ADG32 6707 MOUAZINE SL,C-V/00015,19/11/2025,BIGCORP SL,18/11/2025,1395434,"3477,54","60846,06",Pedido de venta,Completamente facturado
391,6707-C-V/00016,16,ADG32 6707 MOUAZINE SL,C-V/00016,19/11/2025,COMERCIAL CALCO SA,19/11/2025,1396562,"4000,26","64846,32",Pedido de venta,Completamente facturado
392,6707-C-V/00017,17,ADG32 6707 MOUAZINE SL,C-V/00017,26/11/2025,BIGCORP SL,24/11/2025,1399599,"4072,86","68919,18",Pedido de venta,Completamente facturado
393,6707-C-V/00018,18,ADG32 6707 MOUAZINE SL,C-V/00018,26/11/2025,COMERCIAL CALCO SA,25/11/2025,1400607,"3325,08","72244,26",Pedido de venta,Completamente facturado
394,6707-C-V/00019,19,ADG32 6707 MOUAZINE SL,C-V/00019,26/11/2025,BIGCORP SL,26/11/2025,1401671,"4791,60","77035,86",Pedido de venta,Completamente facturado
395,6707-C-V/00020,20,ADG32 6707 MOUAZINE SL,C-V/00020,04/12/2025,BIGCORP SL,01/12/2025,1404635,"4432,23","81468,09",Pedido de venta,Completamente facturado
396,6707-C-V/00021,21,ADG32 6707 MOUAZINE SL,C-V/00021,04/12/2025,BIGCORP SL,02/12/2025,1405719,"4228,95","85697,04",Pedido de venta,Completamente facturado
397,6707-C-V/00022,22,ADG32 6707 MOUAZINE SL,C-V/00022,04/12/2025,BIGCORP SL,03/12/2025,1406723,"3401,31","89098,35",Pedido de venta,Completamente facturado
398,6707-C-V/00023,23,ADG32 6707 MOUAZINE SL,C-V/00023,10/12/2025,BIGCORP SL,08/12/2025,1409454,"4210,80","93309,15",Pedido de venta,Completamente facturado
399,6707-C-V/00024,24,ADG32 6707 MOUAZINE SL,C-V/00024,10/12/2025,BIGCORP SL,09/12/2025,1410309,"4022,04","97331,19",Pedido de venta,Completamente facturado
400,6707-C-V/00025,25,ADG32 6707 MOUAZINE SL,C-V/00025,10/12/2025,COMERCIAL CALCO SA,10/12/2025,1411468,"4145,46","101476,65",Pedido de venta,Completamente facturado
401,6707-C-V/00026,26,ADG32 6707 MOUAZINE SL,C-V/00026,18/12/2025,BIGCORP SL,15/12/2025,1414538,"4711,74","106188,39",Pedido de venta,Completamente facturado
402,6707-C-V/00027,27,ADG32 6707 MOUAZINE SL,C-V/00027,18/12/2025,COMERCIAL CALCO SA,16/12/2025,1415468,"4515,72","110704,11",Pedido de venta,Completamente facturado
403,6707-C-V/00028,28,ADG32 6707 MOUAZINE SL,C-V/00028,18/12/2025,BIGCORP SL,17/12/2025,1416376,"3731,64","114435,75",Pedido de venta,Completamente facturado
405,6734-C-V/00001,1,ADG32 6734 LABOLAFIO SL,C-V/00001,17/10/2025,BIGCORP SL,17/10/2025,1377565,"4091,01","4091,01",Pedido de venta,Completamente facturado
406,6734-C-V/00002,2,ADG32 6734 LABOLAFIO SL,C-V/00002,23/10/2025,COMERCIAL CALCO SA,17/10/2025,1377566,"3408,57","7499,58",Pedido de venta,Completamente facturado
407,6734-C-V/00003,3,ADG32 6734 LABOLAFIO SL,C-V/00003,23/10/2025,BIGCORP SL,17/10/2025,1377567,"3973,04","11472,62",Pedido de venta,Completamente facturado
408,6734-C-V/00004,4,ADG32 6734 LABOLAFIO SL,C-V/00004,23/10/2025,COMERCIAL CALCO SA,17/10/2025,1377568,"4648,22","16120,84",Pedido de venta,Completamente facturado
409,6734-C-V/00006,5,ADG32 6734 LABOLAFIO SL,C-V/00006,29/10/2025,COMERCIAL CALCO SA,27/10/2025,1381471,"4027,49","20148,33",Pedido de venta,Completamente facturado
410,6734-C-V/00007,6,ADG32 6734 LABOLAFIO SL,C-V/00007,29/10/2025,COMERCIAL CALCO SA,28/10/2025,1382158,"3404,94","23553,27",Pedido de venta,Completamente facturado
411,6734-C-V/00008,7,ADG32 6734 LABOLAFIO SL,C-V/00008,29/10/2025,BIGCORP SL,29/10/2025,1382705,"3791,54","27344,81",Pedido de venta,Completamente facturado
412,6734-C-V/00009,8,ADG32 6734 LABOLAFIO SL,C-V/00009,05/11/2025,COMERCIAL CALCO SA,03/11/2025,1385740,"4288,85","31633,66",Pedido de venta,Completamente facturado
413,6734-C-V/00010,9,ADG32 6734 LABOLAFIO SL,C-V/00010,05/11/2025,BIGCORP SL,04/11/2025,1386353,"4733,52","36367,18",Pedido de venta,Completamente facturado
414,6734-C-V/00011,10,ADG32 6734 LABOLAFIO SL,C-V/00011,05/11/2025,COMERCIAL CALCO SA,05/11/2025,1387177,"4005,71","40372,89",Pedido de venta,Completamente facturado
415,6734-C-V/00012,11,ADG32 6734 LABOLAFIO SL,C-V/00012,12/11/2025,BIGCORP SL,10/11/2025,1389681,"4254,36","44627,25",Pedido de venta,Completamente facturado
416,6734-C-V/00013,12,ADG32 6734 LABOLAFIO SL,C-V/00013,12/11/2025,COMERCIAL CALCO SA,11/11/2025,1390536,"3225,26","47852,51",Pedido de venta,Completamente facturado
417,6734-C-V/00014,13,ADG32 6734 LABOLAFIO SL,C-V/00014,12/11/2025,BIGCORP SL,12/11/2025,1391464,"4472,16","52324,67",Pedido de venta,Completamente facturado
418,6734-C-V/00015,14,ADG32 6734 LABOLAFIO SL,C-V/00015,20/11/2025,BIGCORP SL,17/11/2025,1394542,"4232,58","56557,25",Pedido de venta,Completamente facturado
419,6734-C-V/00016,15,ADG32 6734 LABOLAFIO SL,C-V/00016,20/11/2025,COMERCIAL CALCO SA,18/11/2025,1395430,"3515,66","60072,91",Pedido de venta,Completamente facturado
420,6734-C-V/00017,16,ADG32 6734 LABOLAFIO SL,C-V/00017,20/11/2025,COMERCIAL CALCO SA,19/11/2025,1396560,"4508,46","64581,37",Pedido de venta,Completamente facturado
421,6734-C-V/00018,17,ADG32 6734 LABOLAFIO SL,C-V/00018,26/11/2025,COMERCIAL CALCO SA,24/11/2025,1399596,"4608,29","69189,66",Pedido de venta,Completamente facturado
422,6734-C-V/00019,18,ADG32 6734 LABOLAFIO SL,C-V/00019,26/11/2025,BIGCORP SL,25/11/2025,1400603,"4700,85","73890,51",Pedido de venta,Completamente facturado
423,6734-C-V/00020,19,ADG32 6734 LABOLAFIO SL,C-V/00020,26/11/2025,BIGCORP SL,26/11/2025,1401663,"4702,67","78593,18",Pedido de venta,Completamente facturado
424,6734-C-V/00021,20,ADG32 6734 LABOLAFIO SL,C-V/00021,03/12/2025,BIGCORP SL,01/12/2025,1404630,"4670,00","83263,18",Pedido de venta,Completamente facturado
425,6734-C-V/00022,21,ADG32 6734 LABOLAFIO SL,C-V/00022,03/12/2025,COMERCIAL CALCO SA,02/12/2025,1405717,"4169,06","87432,24",Pedido de venta,Completamente facturado
426,6734-C-V/00023,22,ADG32 6734 LABOLAFIO SL,C-V/00023,03/12/2025,COMERCIAL CALCO SA,03/12/2025,1406720,"3321,45","90753,69",Pedido de venta,Completamente facturado
427,6734-C-V/00024,23,ADG32 6734 LABOLAFIO SL,C-V/00024,10/12/2025,BIGCORP SL,08/12/2025,1409452,"3787,91","94541,60",Pedido de venta,Completamente facturado
428,6734-C-V/00025,24,ADG32 6734 LABOLAFIO SL,C-V/00025,10/12/2025,COMERCIAL CALCO SA,09/12/2025,1410305,"4541,13","99082,73",Pedido de venta,Completamente facturado
429,6734-C-V/00026,25,ADG32 6734 LABOLAFIO SL,C-V/00026,10/12/2025,COMERCIAL CALCO SA,10/12/2025,1411464,"4150,91","103233,64",Pedido de venta,Completamente facturado
431,6734-C-V/00028,26,ADG32 6734 LABOLAFIO SL,C-V/00028,17/12/2025,BIGCORP SL,15/12/2025,1414536,"3370,46","106604,10",Pedido de venta,Completamente facturado
432,6734-C-V/00029,27,ADG32 6734 LABOLAFIO SL,C-V/00029,17/12/2025,BIGCORP SL,16/12/2025,1415464,"4178,13","110782,23",Pedido de venta,Completamente facturado
433,6734-C-V/00030,28,ADG32 6734 LABOLAFIO SL,C-V/00030,17/12/2025,BIGCORP SL,17/12/2025,1416374,"4072,86","114855,09",Pedido de venta,Completamente facturado
434,6746-C-V/00001,1,ADG32 6746 ELLADO SL,C-V/00001,17/10/2025,COMERCIAL CALCO SA,17/10/2025,1377480,"3746,16","3746,16",Pedido de venta,Completamente facturado
435,6746-C-V/00003,2,ADG32 6746 ELLADO SL,C-V/00003,22/10/2025,COMERCIAL CALCO SA,17/10/2025,1377481,"4285,22","8031,38",Pedido de venta,Completamente facturado
436,6746-C-V/00004,3,ADG32 6746 ELLADO SL,C-V/00004,22/10/2025,COMERCIAL CALCO SA,17/10/2025,1377482,"3637,26","11668,64",Pedido de venta,Completamente facturado
437,6746-C-V/00005,4,ADG32 6746 ELLADO SL,C-V/00005,22/10/2025,BIGCORP SL,17/10/2025,1377483,"4684,52","16353,16",Pedido de venta,Completamente facturado
438,6746-C-V/00007,5,ADG32 6746 ELLADO SL,C-V/00007,29/10/2025,BIGCORP SL,27/10/2025,1381422,"4216,25","20569,41",Pedido de venta,Completamente facturado
439,6746-C-V/00008,6,ADG32 6746 ELLADO SL,C-V/00008,29/10/2025,COMERCIAL CALCO SA,28/10/2025,1382124,"4481,24","25050,65",Pedido de venta,Completamente facturado
440,6746-C-V/00009,7,ADG32 6746 ELLADO SL,C-V/00009,29/10/2025,BIGCORP SL,29/10/2025,1382662,"3611,85","28662,50",Pedido de venta,Completamente facturado
441,6746-C-V/00010,8,ADG32 6746 ELLADO SL,C-V/00010,05/11/2025,COMERCIAL CALCO SA,03/11/2025,1385659,"3869,58","32532,08",Pedido de venta,Completamente facturado
442,6746-C-V/00011,9,ADG32 6746 ELLADO SL,C-V/00011,05/11/2025,BIGCORP SL,04/11/2025,1386309,"3230,70","35762,78",Pedido de venta,Completamente facturado
443,6746-C-V/00012,10,ADG32 6746 ELLADO SL,C-V/00012,05/11/2025,COMERCIAL CALCO SA,05/11/2025,1387149,"4682,70","40445,48",Pedido de venta,Completamente facturado
444,6746-C-V/00013,11,ADG32 6746 ELLADO SL,C-V/00013,12/11/2025,BIGCORP SL,10/11/2025,1389652,"3461,21","43906,69",Pedido de venta,Completamente facturado
445,6746-C-V/00014,12,ADG32 6746 ELLADO SL,C-V/00014,12/11/2025,BIGCORP SL,11/11/2025,1390493,"4729,89","48636,58",Pedido de venta,Completamente facturado
446,6746-C-V/00015,13,ADG32 6746 ELLADO SL,C-V/00015,12/11/2025,BIGCORP SL,12/11/2025,1391431,"3913,14","52549,72",Pedido de venta,Completamente facturado
449,6746-C-V/00018,14,ADG32 6746 ELLADO SL,C-V/00018,19/11/2025,BIGCORP SL,17/11/2025,1394502,"3330,53","55880,25",Pedido de venta,Completamente facturado
448,6746-C-V/00017,15,ADG32 6746 ELLADO SL,C-V/00017,19/11/2025,BIGCORP SL,18/11/2025,1395396,"3737,09","59617,34",Pedido de venta,Completamente facturado
447,6746-C-V/00016,16,ADG32 6746 ELLADO SL,C-V/00016,19/11/2025,COMERCIAL CALCO SA,19/11/2025,1396526,"4123,68","63741,02",Pedido de venta,Completamente facturado
452,6746-C-V/00022,17,ADG32 6746 ELLADO SL,C-V/00022,01/12/2025,COMERCIAL CALCO SA,24/11/2025,1399555,"3221,63","66962,65",Pedido de venta,Completamente facturado
450,6746-C-V/00020,18,ADG32 6746 ELLADO SL,C-V/00020,26/11/2025,BIGCORP SL,25/11/2025,1400565,"3404,94","70367,59",Pedido de venta,Completamente facturado
451,6746-C-V/00021,19,ADG32 6746 ELLADO SL,C-V/00021,26/11/2025,COMERCIAL CALCO SA,26/11/2025,1401633,"4368,71","74736,30",Pedido de venta,Completamente facturado
455,6746-C-V/00025,20,ADG32 6746 ELLADO SL,C-V/00025,03/12/2025,BIGCORP SL,01/12/2025,1404595,"3960,33","78696,63",Pedido de venta,Completamente facturado
454,6746-C-V/00024,21,ADG32 6746 ELLADO SL,C-V/00024,03/12/2025,BIGCORP SL,02/12/2025,1405685,"3615,48","82312,11",Pedido de venta,Completamente facturado
453,6746-C-V/00023,22,ADG32 6746 ELLADO SL,C-V/00023,03/12/2025,BIGCORP SL,03/12/2025,1406689,"4475,79","86787,90",Pedido de venta,Completamente facturado
456,6746-C-V/00026,23,ADG32 6746 ELLADO SL,C-V/00026,10/12/2025,COMERCIAL CALCO SA,08/12/2025,1409417,"4762,56","91550,46",Pedido de venta,Completamente facturado
457,6746-C-V/00027,24,ADG32 6746 ELLADO SL,C-V/00027,10/12/2025,BIGCORP SL,09/12/2025,1410269,"4368,71","95919,17",Pedido de venta,Completamente facturado
458,6746-C-V/00028,25,ADG32 6746 ELLADO SL,C-V/00028,10/12/2025,BIGCORP SL,10/12/2025,1411436,"4357,82","100276,99",Pedido de venta,Completamente facturado
460,6746-C-V/00031,26,ADG32 6746 ELLADO SL,C-V/00031,18/12/2025,COMERCIAL CALCO SA,15/12/2025,1414512,"4653,66","104930,65",Pedido de venta,Completamente facturado
461,6746-C-V/00032,27,ADG32 6746 ELLADO SL,C-V/00032,18/12/2025,COMERCIAL CALCO SA,16/12/2025,1415428,"4263,44","109194,09",Pedido de venta,Completamente facturado
462,6746-C-V/00033,28,ADG32 6746 ELLADO SL,C-V/00033,18/12/2025,BIGCORP SL,17/12/2025,1416339,"3757,05","112951,14",Pedido de venta,Completamente facturado
463,6777-C-V/00001,1,ADG32 6777 JGARCIA SL,C-V/00001,17/10/2025,COMERCIAL CALCO SA,17/10/2025,1377497,"4581,06","4581,06",Pedido de venta,Completamente facturado
464,6777-C-V/00002,2,ADG32 6777 JGARCIA SL,C-V/00002,22/10/2025,COMERCIAL CALCO SA,17/10/2025,1377498,"4276,14","8857,20",Pedido de venta,Completamente facturado
465,6777-C-V/00003,3,ADG32 6777 JGARCIA SL,C-V/00003,22/10/2025,COMERCIAL CALCO SA,17/10/2025,1377499,"3738,90","12596,10",Pedido de venta,Completamente facturado
466,6777-C-V/00004,4,ADG32 6777 JGARCIA SL,C-V/00004,22/10/2025,COMERCIAL CALCO SA,17/10/2025,1377500,"3844,17","16440,27",Pedido de venta,Completamente facturado
468,6777-C-V/00006,5,ADG32 6777 JGARCIA SL,C-V/00006,29/10/2025,BIGCORP SL,27/10/2025,1381438,"3502,95","19943,22",Pedido de venta,Completamente facturado
467,6777-C-V/00005,6,ADG32 6777 JGARCIA SL,C-V/00005,29/10/2025,COMERCIAL CALCO SA,28/10/2025,1382136,"4493,94","24437,16",Pedido de venta,Completamente facturado
469,6777-C-V/00007,7,ADG32 6777 JGARCIA SL,C-V/00007,29/10/2025,BIGCORP SL,29/10/2025,1382665,"4544,76","28981,92",Pedido de venta,Completamente facturado
471,6777-C-V/00009,8,ADG32 6777 JGARCIA SL,C-V/00009,05/11/2025,BIGCORP SL,03/11/2025,1385672,"3216,18","32198,10",Pedido de venta,Completamente facturado
472,6777-C-V/00010,9,ADG32 6777 JGARCIA SL,C-V/00010,05/11/2025,COMERCIAL CALCO SA,04/11/2025,1386316,"3335,97","35534,07",Pedido de venta,Completamente facturado
470,6777-C-V/00008,10,ADG32 6777 JGARCIA SL,C-V/00008,05/11/2025,BIGCORP SL,05/11/2025,1387153,"4733,52","40267,59",Pedido de venta,Completamente facturado
475,6777-C-V/00013,11,ADG32 6777 JGARCIA SL,C-V/00013,12/11/2025,COMERCIAL CALCO SA,10/11/2025,1389655,"3826,02","44093,61",Pedido de venta,Completamente facturado
473,6777-C-V/00011,12,ADG32 6777 JGARCIA SL,C-V/00011,12/11/2025,BIGCORP SL,11/11/2025,1390500,"3473,91","47567,52",Pedido de venta,Completamente facturado
474,6777-C-V/00012,13,ADG32 6777 JGARCIA SL,C-V/00012,12/11/2025,BIGCORP SL,12/11/2025,1391434,"4697,22","52264,74",Pedido de venta,Completamente facturado
478,6777-C-V/00016,14,ADG32 6777 JGARCIA SL,C-V/00016,19/11/2025,COMERCIAL CALCO SA,17/11/2025,1394508,"4054,71","56319,45",Pedido de venta,Completamente facturado
477,6777-C-V/00015,15,ADG32 6777 JGARCIA SL,C-V/00015,19/11/2025,BIGCORP SL,18/11/2025,1395401,"4388,67","60708,12",Pedido de venta,Completamente facturado
476,6777-C-V/00014,16,ADG32 6777 JGARCIA SL,C-V/00014,19/11/2025,COMERCIAL CALCO SA,19/11/2025,1396529,"4345,11","65053,23",Pedido de venta,Completamente facturado
481,6777-C-V/00019,17,ADG32 6777 JGARCIA SL,C-V/00019,26/11/2025,BIGCORP SL,24/11/2025,1399565,"4795,23","69848,46",Pedido de venta,Completamente facturado
479,6777-C-V/00017,18,ADG32 6777 JGARCIA SL,C-V/00017,26/11/2025,BIGCORP SL,25/11/2025,1400574,"3796,98","73645,44",Pedido de venta,Completamente facturado
480,6777-C-V/00018,19,ADG32 6777 JGARCIA SL,C-V/00018,26/11/2025,COMERCIAL CALCO SA,26/11/2025,1401636,"3720,75","77366,19",Pedido de venta,Completamente facturado
482,6777-C-V/00020,20,ADG32 6777 JGARCIA SL,C-V/00020,03/12/2025,BIGCORP SL,01/12/2025,1404596,"3586,44","80952,63",Pedido de venta,Completamente facturado
483,6777-C-V/00021,21,ADG32 6777 JGARCIA SL,C-V/00021,03/12/2025,COMERCIAL CALCO SA,02/12/2025,1405688,"3212,55","84165,18",Pedido de venta,Completamente facturado
484,6777-C-V/00022,22,ADG32 6777 JGARCIA SL,C-V/00022,03/12/2025,COMERCIAL CALCO SA,03/12/2025,1406693,"4334,22","88499,40",Pedido de venta,Completamente facturado
485,6777-C-V/00023,23,ADG32 6777 JGARCIA SL,C-V/00023,10/12/2025,BIGCORP SL,08/12/2025,1409420,"3974,85","92474,25",Pedido de venta,Completamente facturado
486,6777-C-V/00024,24,ADG32 6777 JGARCIA SL,C-V/00024,10/12/2025,BIGCORP SL,09/12/2025,1410274,"3615,48","96089,73",Pedido de venta,Completamente facturado
487,6777-C-V/00025,25,ADG32 6777 JGARCIA SL,C-V/00025,10/12/2025,COMERCIAL CALCO SA,10/12/2025,1411439,"3905,88","99995,61",Pedido de venta,Completamente facturado
491,6777-C-V/00030,26,ADG32 6777 JGARCIA SL,C-V/00030,18/12/2025,COMERCIAL CALCO SA,15/12/2025,1414515,"3891,36","103886,97",Pedido de venta,Completamente facturado
489,6777-C-V/00028,27,ADG32 6777 JGARCIA SL,C-V/00028,18/12/2025,BIGCORP SL,16/12/2025,1415431,"3219,81","107106,78",Pedido de venta,Completamente facturado
490,6777-C-V/00029,28,ADG32 6777 JGARCIA SL,C-V/00029,18/12/2025,BIGCORP SL,17/12/2025,1416342,"3760,68","110867,46",Pedido de venta,Completamente facturado
492,6844-C-V/00001,1,ADG32 6844 TTRAMULLAS SL,C-V/00001,17/10/2025,COMERCIAL CALCO SA,17/10/2025,1377663,"4040,19","4040,19",Pedido de venta,Completamente facturado
493,6844-C-V/00002,2,ADG32 6844 TTRAMULLAS SL,C-V/00002,23/10/2025,BIGCORP SL,17/10/2025,1377666,"4294,29","8334,48",Pedido de venta,Completamente facturado
494,6844-C-V/00003,3,ADG32 6844 TTRAMULLAS SL,C-V/00003,23/10/2025,COMERCIAL CALCO SA,17/10/2025,1377667,"4423,16","12757,64",Pedido de venta,Completamente facturado
495,6844-C-V/00004,4,ADG32 6844 TTRAMULLAS SL,C-V/00004,23/10/2025,BIGCORP SL,17/10/2025,1377668,"3649,97","16407,61",Pedido de venta,Completamente facturado
496,6844-C-V/00005,5,ADG32 6844 TTRAMULLAS SL,C-V/00005,29/10/2025,BIGCORP SL,27/10/2025,1381526,"4326,96","20734,57",Pedido de venta,Completamente facturado
497,6844-C-V/00006,6,ADG32 6844 TTRAMULLAS SL,C-V/00006,29/10/2025,BIGCORP SL,28/10/2025,1382199,"3924,03","24658,60",Pedido de venta,Completamente facturado
498,6844-C-V/00007,7,ADG32 6844 TTRAMULLAS SL,C-V/00007,29/10/2025,COMERCIAL CALCO SA,29/10/2025,1382740,"3564,66","28223,26",Pedido de venta,Completamente facturado
500,6844-C-V/00010,8,ADG32 6844 TTRAMULLAS SL,C-V/00010,05/11/2025,COMERCIAL CALCO SA,03/11/2025,1385774,"4259,81","32483,07",Pedido de venta,Completamente facturado
501,6844-C-V/00011,9,ADG32 6844 TTRAMULLAS SL,C-V/00011,05/11/2025,BIGCORP SL,04/11/2025,1386404,"3871,40","36354,47",Pedido de venta,Completamente facturado
499,6844-C-V/00009,10,ADG32 6844 TTRAMULLAS SL,C-V/00009,05/11/2025,COMERCIAL CALCO SA,05/11/2025,1387219,"4060,16","40414,63",Pedido de venta,Completamente facturado
502,6844-C-V/00012,11,ADG32 6844 TTRAMULLAS SL,C-V/00012,12/11/2025,COMERCIAL CALCO SA,10/11/2025,1389707,"4395,93","44810,56",Pedido de venta,Completamente facturado
504,6844-C-V/00014,12,ADG32 6844 TTRAMULLAS SL,C-V/00014,12/11/2025,BIGCORP SL,11/11/2025,1390584,"4421,34","49231,90",Pedido de venta,Completamente facturado
503,6844-C-V/00013,13,ADG32 6844 TTRAMULLAS SL,C-V/00013,12/11/2025,BIGCORP SL,12/11/2025,1391498,"3403,13","52635,03",Pedido de venta,Completamente facturado
505,6844-C-V/00015,14,ADG32 6844 TTRAMULLAS SL,C-V/00015,19/11/2025,COMERCIAL CALCO SA,17/11/2025,1394573,"4232,58","56867,61",Pedido de venta,Completamente facturado
507,6844-C-V/00017,15,ADG32 6844 TTRAMULLAS SL,C-V/00017,19/11/2025,COMERCIAL CALCO SA,18/11/2025,1395485,"4541,13","61408,74",Pedido de venta,Completamente facturado
506,6844-C-V/00016,16,ADG32 6844 TTRAMULLAS SL,C-V/00016,19/11/2025,BIGCORP SL,19/11/2025,1396596,"4599,21","66007,95",Pedido de venta,Completamente facturado
508,6844-C-V/00018,17,ADG32 6844 TTRAMULLAS SL,C-V/00018,26/11/2025,COMERCIAL CALCO SA,24/11/2025,1399644,"3551,96","69559,91",Pedido de venta,Completamente facturado
509,6844-C-V/00019,18,ADG32 6844 TTRAMULLAS SL,C-V/00019,26/11/2025,BIGCORP SL,25/11/2025,1400658,"3399,50","72959,41",Pedido de venta,Completamente facturado
510,6844-C-V/00020,19,ADG32 6844 TTRAMULLAS SL,C-V/00020,26/11/2025,BIGCORP SL,26/11/2025,1401705,"3268,82","76228,23",Pedido de venta,Completamente facturado
511,6844-C-V/00021,20,ADG32 6844 TTRAMULLAS SL,C-V/00021,05/12/2025,BIGCORP SL,01/12/2025,1404686,"4644,59","80872,82",Pedido de venta,Completamente facturado
512,6844-C-V/00022,21,ADG32 6844 TTRAMULLAS SL,C-V/00022,05/12/2025,COMERCIAL CALCO SA,02/12/2025,1405738,"4189,02","85061,84",Pedido de venta,Completamente facturado
513,6844-C-V/00023,22,ADG32 6844 TTRAMULLAS SL,C-V/00023,05/12/2025,COMERCIAL CALCO SA,03/12/2025,1406761,"4552,02","89613,86",Pedido de venta,Completamente facturado
514,6844-C-V/00024,23,ADG32 6844 TTRAMULLAS SL,C-V/00024,10/12/2025,BIGCORP SL,08/12/2025,1409471,"4675,44","94289,30",Pedido de venta,Completamente facturado
515,6844-C-V/00025,24,ADG32 6844 TTRAMULLAS SL,C-V/00025,10/12/2025,COMERCIAL CALCO SA,09/12/2025,1410330,"4381,41","98670,71",Pedido de venta,Completamente facturado
516,6844-C-V/00026,25,ADG32 6844 TTRAMULLAS SL,C-V/00026,10/12/2025,BIGCORP SL,10/12/2025,1411497,"3390,42","102061,13",Pedido de venta,Completamente facturado
518,6844-C-V/00028,26,ADG32 6844 TTRAMULLAS SL,C-V/00028,19/12/2025,BIGCORP SL,15/12/2025,1411555,"4121,87","106183,00",Pedido de venta,Completamente facturado
519,6844-C-V/00029,27,ADG32 6844 TTRAMULLAS SL,C-V/00029,19/12/2025,BIGCORP SL,16/12/2025,1415485,"4782,53","110965,53",Pedido de venta,Completamente facturado
520,6844-C-V/00030,28,ADG32 6844 TTRAMULLAS SL,C-V/00030,19/12/2025,COMERCIAL CALCO SA,17/12/2025,1416400,"4274,33","115239,86",Pedido de venta,Completamente facturado