A_CLAU_UNICA_VA,A_ID_VA,A_EMPRESA_VA,A_REF_ODOO_VA,A_FECHA_ALBARAN_VA,A_ORIGEN_VA,A_IMPORTE_VA,A_ACUMULADO_VA,A_CLIENT_VA,A_ESTADO_VA
5796-C-V/00001,1,ADG32 5796 NSACARES SL,MGZ01/SURT/00001,17/10/2025,C-V/00001,"3546,51","3546,51",COMERCIAL CALCO SA,Hecho
5796-C-V/00002,2,ADG32 5796 NSACARES SL,MGZ01/SURT/00003,23/10/2025,C-V/00002,"3230,70","6777,21",COMERCIAL CALCO SA,Hecho
5796-C-V/00003,3,ADG32 5796 NSACARES SL,MGZ01/SURT/00004,23/10/2025,C-V/00003,"3924,03","10701,24",BIGCORP SL,Hecho
5796-C-V/00004,4,ADG32 5796 NSACARES SL,MGZ01/SURT/00005,23/10/2025,C-V/00004,"4533,87","15235,11",COMERCIAL CALCO SA,Hecho
5796-C-V/00005,5,ADG32 5796 NSACARES SL,MGZ01/SURT/00007,29/10/2025,C-V/00005,"3644,52","18879,63",BIGCORP SL,Hecho
5796-C-V/00006,6,ADG32 5796 NSACARES SL,MGZ01/SURT/00008,29/10/2025,C-V/00006,"3368,64","22248,27",COMERCIAL CALCO SA,Hecho
5796-C-V/00007,7,ADG32 5796 NSACARES SL,MGZ01/SURT/00009,29/10/2025,C-V/00007,"4435,86","26684,13",COMERCIAL CALCO SA,Hecho
5796-C-V/00008,8,ADG32 5796 NSACARES SL,MGZ01/SURT/00010,05/11/2025,C-V/00008,"3198,03","29882,16",BIGCORP SL,Hecho
5796-C-V/00009,9,ADG32 5796 NSACARES SL,MGZ01/SURT/00011,05/11/2025,C-V/00009,"4236,21","34118,37",BIGCORP SL,Hecho
5796-C-V/00010,10,ADG32 5796 NSACARES SL,MGZ01/SURT/00012,05/11/2025,C-V/00010,"4552,02","38670,39",COMERCIAL CALCO SA,Hecho
5796-C-V/00011,11,ADG32 5796 NSACARES SL,MGZ01/SURT/00013,12/11/2025,C-V/00011,"4308,81","42979,20",COMERCIAL CALCO SA,Hecho
5796-C-V/00012,12,ADG32 5796 NSACARES SL,MGZ01/SURT/00014,12/11/2025,C-V/00012,"4686,33","47665,53",BIGCORP SL,Hecho
5796-C-V/00013,13,ADG32 5796 NSACARES SL,MGZ01/SURT/00015,12/11/2025,C-V/00013,"3786,09","51451,62",COMERCIAL CALCO SA,Hecho
5796-C-V/00014,14,ADG32 5796 NSACARES SL,MGZ01/SURT/00016,19/11/2025,C-V/00014,"3669,93","55121,55",BIGCORP SL,Hecho
5796-C-V/00015,15,ADG32 5796 NSACARES SL,MGZ01/SURT/00017,19/11/2025,C-V/00015,"3571,92","58693,47",COMERCIAL CALCO SA,Hecho
5796-C-V/00016,16,ADG32 5796 NSACARES SL,MGZ01/SURT/00018,19/11/2025,C-V/00016,"3397,68","62091,15",COMERCIAL CALCO SA,Hecho
5796-C-V/00017,17,ADG32 5796 NSACARES SL,MGZ01/SURT/00019,26/11/2025,C-V/00017,"3884,10","65975,25",COMERCIAL CALCO SA,Hecho
5796-C-V/00018,18,ADG32 5796 NSACARES SL,MGZ01/SURT/00020,26/11/2025,C-V/00018,"3346,86","69322,11",COMERCIAL CALCO SA,Hecho
5796-C-V/00019,19,ADG32 5796 NSACARES SL,MGZ01/SURT/00021,26/11/2025,C-V/00019,"4232,58","73554,69",COMERCIAL CALCO SA,Hecho
5796-C-V/00020,20,ADG32 5796 NSACARES SL,MGZ01/SURT/00022,04/12/2025,C-V/00020,"3724,38","77279,07",COMERCIAL CALCO SA,Hecho
5796-C-V/00021,21,ADG32 5796 NSACARES SL,MGZ01/SURT/00023,04/12/2025,C-V/00021,"3985,74","81264,81",COMERCIAL CALCO SA,Hecho
5796-C-V/00022,22,ADG32 5796 NSACARES SL,MGZ01/SURT/00024,04/12/2025,C-V/00022,"3934,92","85199,73",COMERCIAL CALCO SA,Hecho
5796-C-V/00023,23,ADG32 5796 NSACARES SL,MGZ01/SURT/00031,11/12/2025,C-V/00023,"4080,12","89279,85",BIGCORP SL,Hecho
5796-C-V/00024,24,ADG32 5796 NSACARES SL,MGZ01/SURT/00032,11/12/2025,C-V/00024,"3891,36","93171,21",COMERCIAL CALCO SA,Hecho
5796-C-V/00025,25,ADG32 5796 NSACARES SL,MGZ01/SURT/00033,11/12/2025,C-V/00025,"4319,70","97490,91",BIGCORP SL,Hecho
5796-C-V/00027,26,ADG32 5796 NSACARES SL,MGZ01/SURT/00034,18/12/2025,C-V/00027,"4381,41","101872,32",BIGCORP SL,Hecho
5796-C-V/00028,27,ADG32 5796 NSACARES SL,MGZ01/SURT/00035,18/12/2025,C-V/00028,"3855,06","105727,38",COMERCIAL CALCO SA,Hecho
5796-C-V/00029,28,ADG32 5796 NSACARES SL,MGZ01/SURT/00036,18/12/2025,C-V/00029,"4116,42","109843,80",BIGCORP SL,Hecho
6265-C-V/00001,1,ADG32 6265 SMORENO SL,MGZ01/SURT/00001,17/10/2025,C-V/00001,"3758,87","3758,87",BIGCORP SL,Hecho
6265-C-V/00002,2,ADG32 6265 SMORENO SL,MGZ01/SURT/00002,22/10/2025,C-V/00002,"4417,71","8176,58",BIGCORP SL,Hecho
6265-C-V/00003,3,ADG32 6265 SMORENO SL,MGZ01/SURT/00003,22/10/2025,C-V/00003,"3659,04","11835,62",COMERCIAL CALCO SA,Hecho
6265-C-V/00004,4,ADG32 6265 SMORENO SL,MGZ01/SURT/00004,23/10/2025,C-V/00004,"3956,70","15792,32",COMERCIAL CALCO SA,Hecho
6265-C-V/00006,5,ADG32 6265 SMORENO SL,MGZ01/SURT/00005,29/10/2025,C-V/00006,"3568,29","19360,61",BIGCORP SL,Hecho
6265-C-V/00007,6,ADG32 6265 SMORENO SL,MGZ01/SURT/00006,29/10/2025,C-V/00007,"4067,42","23428,03",COMERCIAL CALCO SA,Hecho
6265-C-V/00008,7,ADG32 6265 SMORENO SL,MGZ01/SURT/00007,29/10/2025,C-V/00008,"3956,70","27384,73",COMERCIAL CALCO SA,Hecho
6265-C-V/00009,8,ADG32 6265 SMORENO SL,MGZ01/SURT/00008,05/11/2025,C-V/00009,"4684,52","32069,25",BIGCORP SL,Hecho
6265-C-V/00010,9,ADG32 6265 SMORENO SL,MGZ01/SURT/00009,05/11/2025,C-V/00010,"4352,37","36421,62",COMERCIAL CALCO SA,Hecho
6265-C-V/00011,10,ADG32 6265 SMORENO SL,MGZ01/SURT/00010,05/11/2025,C-V/00011,"4172,69","40594,31",COMERCIAL CALCO SA,Hecho
6265-C-V/00012,11,ADG32 6265 SMORENO SL,MGZ01/SURT/00011,12/11/2025,C-V/00012,"3257,93","43852,24",BIGCORP SL,Hecho
6265-C-V/00013,12,ADG32 6265 SMORENO SL,MGZ01/SURT/00012,12/11/2025,C-V/00013,"3780,65","47632,89",BIGCORP SL,Hecho
6265-C-V/00014,13,ADG32 6265 SMORENO SL,MGZ01/SURT/00013,12/11/2025,C-V/00014,"4432,23","52065,12",COMERCIAL CALCO SA,Hecho
6265-C-V/00015,14,ADG32 6265 SMORENO SL,MGZ01/SURT/00014,19/11/2025,C-V/00015,"4096,46","56161,58",BIGCORP SL,Hecho
6265-C-V/00016,15,ADG32 6265 SMORENO SL,MGZ01/SURT/00015,19/11/2025,C-V/00016,"4267,07","60428,65",COMERCIAL CALCO SA,Hecho
6265-C-V/00017,16,ADG32 6265 SMORENO SL,MGZ01/SURT/00016,19/11/2025,C-V/00017,"4274,33","64702,98",COMERCIAL CALCO SA,Hecho
6265-C-V/00018,17,ADG32 6265 SMORENO SL,MGZ01/SURT/00017,26/11/2025,C-V/00018,"4758,93","69461,91",BIGCORP SL,Hecho
6265-C-V/00019,18,ADG32 6265 SMORENO SL,MGZ01/SURT/00018,26/11/2025,C-V/00019,"4183,58","73645,49",COMERCIAL CALCO SA,Hecho
6265-C-V/00020,19,ADG32 6265 SMORENO SL,MGZ01/SURT/00019,26/11/2025,C-V/00020,"3773,39","77418,88",COMERCIAL CALCO SA,Hecho
6265-C-V/00021,20,ADG32 6265 SMORENO SL,MGZ01/SURT/00020,03/12/2025,C-V/00021,"4196,28","81615,16",BIGCORP SL,Hecho
6265-C-V/00022,21,ADG32 6265 SMORENO SL,MGZ01/SURT/00021,03/12/2025,C-V/00022,"4437,68","86052,84",COMERCIAL CALCO SA,Hecho
6265-C-V/00023,22,ADG32 6265 SMORENO SL,MGZ01/SURT/00022,03/12/2025,C-V/00023,"4123,68","90176,52",COMERCIAL CALCO SA,Hecho
6265-C-V/00024,23,ADG32 6265 SMORENO SL,MGZ01/SURT/00023,10/12/2025,C-V/00024,"4359,63","94536,15",COMERCIAL CALCO SA,Hecho
6265-C-V/00025,24,ADG32 6265 SMORENO SL,MGZ01/SURT/00024,10/12/2025,C-V/00025,"3731,64","98267,79",BIGCORP SL,Hecho
6265-C-V/00026,25,ADG32 6265 SMORENO SL,MGZ01/SURT/00025,10/12/2025,C-V/00026,"3524,73","101792,52",BIGCORP SL,Hecho
6265-C-V/00028,26,ADG32 6265 SMORENO SL,MGZ01/SURT/00026,18/12/2025,C-V/00028,"3894,99","105687,51",BIGCORP SL,Hecho
6265-C-V/00029,27,ADG32 6265 SMORENO SL,MGZ01/SURT/00027,18/12/2025,C-V/00029,"3381,35","109068,86",BIGCORP SL,Hecho
6265-C-V/00030,28,ADG32 6265 SMORENO SL,MGZ01/SURT/00028,18/12/2025,C-V/00030,"3301,49","112370,35",BIGCORP SL,Hecho
6320-C-V/00001,1,ADG32 6320 MNAVARRO SL,MGZ01/SURT/00001,22/10/2025,C-V/00001,"3550,14","3550,14",COMERCIAL CALCO SA,Hecho
6320-C-V/00002,2,ADG32 6320 MNAVARRO SL,MGZ01/SURT/00002,22/10/2025,C-V/00002,"3807,87","7358,01",COMERCIAL CALCO SA,Hecho
6320-C-V/00003,3,ADG32 6320 MNAVARRO SL,MGZ01/SURT/00003,22/10/2025,C-V/00003,"3212,55","10570,56",BIGCORP SL,Hecho
6320-C-V/00004,4,ADG32 6320 MNAVARRO SL,MGZ01/SURT/00004,22/10/2025,C-V/00004,"3481,17","14051,73",BIGCORP SL,Hecho
6320-C-V/00005,5,ADG32 6320 MNAVARRO SL,MGZ01/SURT/00005,29/10/2025,C-V/00005,"4069,23","18120,96",BIGCORP SL,Hecho
6320-C-V/00006,6,ADG32 6320 MNAVARRO SL,MGZ01/SURT/00006,29/10/2025,C-V/00006,"4519,35","22640,31",COMERCIAL CALCO SA,Hecho
6320-C-V/00007,7,ADG32 6320 MNAVARRO SL,MGZ01/SURT/00007,29/10/2025,C-V/00007,"4787,97","27428,28",BIGCORP SL,Hecho
6320-C-V/00010,8,ADG32 6320 MNAVARRO SL,MGZ01/SURT/00008,05/11/2025,C-V/00010,"4127,31","31555,59",BIGCORP SL,Hecho
6320-C-V/00011,9,ADG32 6320 MNAVARRO SL,MGZ01/SURT/00009,05/11/2025,C-V/00011,"3346,86","34902,45",COMERCIAL CALCO SA,Hecho
6320-C-V/00012,10,ADG32 6320 MNAVARRO SL,MGZ01/SURT/00010,05/11/2025,C-V/00012,"4439,49","39341,94",BIGCORP SL,Hecho
6320-C-V/00013,11,ADG32 6320 MNAVARRO SL,MGZ01/SURT/00011,12/11/2025,C-V/00013,"3931,29","43273,23",BIGCORP SL,Hecho
6320-C-V/00016,12,ADG32 6320 MNAVARRO SL,MGZ01/SURT/00013,14/11/2025,C-V/00016,"3651,78","46925,01",COMERCIAL CALCO SA,Hecho
6320-C-V/00017,13,ADG32 6320 MNAVARRO SL,MGZ01/SURT/00014,14/11/2025,C-V/00017,"4112,79","51037,80",COMERCIAL CALCO SA,Hecho
6320-C-V/00018,14,ADG32 6320 MNAVARRO SL,MGZ01/SURT/00015,20/11/2025,C-V/00018,"4370,52","55408,32",BIGCORP SL,Hecho
6320-C-V/00019,15,ADG32 6320 MNAVARRO SL,MGZ01/SURT/00016,20/11/2025,C-V/00019,"3844,17","59252,49",BIGCORP SL,Hecho
6320-C-V/00020,16,ADG32 6320 MNAVARRO SL,MGZ01/SURT/00017,20/11/2025,C-V/00020,"4617,36","63869,85",COMERCIAL CALCO SA,Hecho
6320-C-V/00021,17,ADG32 6320 MNAVARRO SL,MGZ01/SURT/00018,26/11/2025,C-V/00021,"4479,42","68349,27",COMERCIAL CALCO SA,Hecho
6320-C-V/00022,18,ADG32 6320 MNAVARRO SL,MGZ01/SURT/00019,26/11/2025,C-V/00022,"4758,93","73108,20",BIGCORP SL,Hecho
6320-C-V/00024,19,ADG32 6320 MNAVARRO SL,MGZ01/SURT/00020,26/11/2025,C-V/00024,"4646,40","77754,60",BIGCORP SL,Hecho
6320-C-V/00025,20,ADG32 6320 MNAVARRO SL,MGZ01/SURT/00021,03/12/2025,C-V/00025,"4040,19","81794,79",COMERCIAL CALCO SA,Hecho
6320-C-V/00026,21,ADG32 6320 MNAVARRO SL,MGZ01/SURT/00022,03/12/2025,C-V/00026,"4287,03","86081,82",COMERCIAL CALCO SA,Hecho
6320-C-V/00027,22,ADG32 6320 MNAVARRO SL,MGZ01/SURT/00023,03/12/2025,C-V/00027,"4152,72","90234,54",COMERCIAL CALCO SA,Hecho
6320-C-V/00028,23,ADG32 6320 MNAVARRO SL,MGZ01/SURT/00024,10/12/2025,C-V/00028,"4475,79","94710,33",BIGCORP SL,Hecho
6320-C-V/00029,24,ADG32 6320 MNAVARRO SL,MGZ01/SURT/00025,10/12/2025,C-V/00029,"4156,35","98866,68",BIGCORP SL,Hecho
6320-C-V/00030,25,ADG32 6320 MNAVARRO SL,MGZ01/SURT/00026,10/12/2025,C-V/00030,"4417,71","103284,39",COMERCIAL CALCO SA,Hecho
6320-C-V/00031,26,ADG32 6320 MNAVARRO SL,MGZ01/SURT/00030,30/12/2025,C-V/00031,"486,42","103770,81",ADG53 4751 APONS SL,Hecho
6320-C-V/00032,27,ADG32 6320 MNAVARRO SL,MGZ01/SURT/00027,18/12/2025,C-V/00032,"3822,39","107593,20",COMERCIAL CALCO SA,Hecho
6320-C-V/00033,28,ADG32 6320 MNAVARRO SL,MGZ01/SURT/00028,18/12/2025,C-V/00033,"3767,94","111361,14",BIGCORP SL,Hecho
6320-C-V/00034,29,ADG32 6320 MNAVARRO SL,MGZ01/SURT/00029,18/12/2025,C-V/00034,"4105,53","115466,67",BIGCORP SL,Hecho
6352-C-V/00001,1,ADG32 6352 SAANANOU SL,MGZ01/SURT/00001,17/10/2025,C-V/00001,"3484,80","3484,80",BIGCORP SL,Hecho
6352-C-V/00002,2,ADG32 6352 SAANANOU SL,MGZ01/SURT/00002,23/10/2025,C-V/00002,"4272,51","7757,31",BIGCORP SL,Hecho
6352-C-V/00003,3,ADG32 6352 SAANANOU SL,MGZ01/SURT/00003,23/10/2025,C-V/00003,"3749,79","11507,10",COMERCIAL CALCO SA,Hecho
6352-C-V/00004,4,ADG32 6352 SAANANOU SL,MGZ01/SURT/00004,23/10/2025,C-V/00004,"3500,23","15007,33",COMERCIAL CALCO SA,Hecho
6352-C-V/00005,5,ADG32 6352 SAANANOU SL,MGZ01/SURT/00005,29/10/2025,C-V/00005,"3511,12","18518,45",BIGCORP SL,Hecho
6352-C-V/00006,6,ADG32 6352 SAANANOU SL,MGZ01/SURT/00006,29/10/2025,C-V/00006,"3802,43","22320,88",BIGCORP SL,Hecho
6352-C-V/00007,7,ADG32 6352 SAANANOU SL,MGZ01/SURT/00007,29/10/2025,C-V/00007,"4483,05","26803,93",BIGCORP SL,Hecho
6352-C-V/00010,8,ADG32 6352 SAANANOU SL,MGZ01/SURT/00009,05/11/2025,C-V/00010,"4070,14","30874,07",COMERCIAL CALCO SA,Hecho
6352-C-V/00011,9,ADG32 6352 SAANANOU SL,MGZ01/SURT/00010,07/11/2025,C-V/00011,"3223,44","34097,51",BIGCORP SL,Hecho
6352-C-V/00012,10,ADG32 6352 SAANANOU SL,MGZ01/SURT/00011,07/11/2025,C-V/00012,"4571,08","38668,59",BIGCORP SL,Hecho
6352-C-V/00013,11,ADG32 6352 SAANANOU SL,MGZ01/SURT/00012,12/11/2025,C-V/00013,"3247,94","41916,53",BIGCORP SL,Hecho
6352-C-V/00014,12,ADG32 6352 SAANANOU SL,MGZ01/SURT/00013,12/11/2025,C-V/00014,"4012,06","45928,59",BIGCORP SL,Hecho
6352-C-V/00015,13,ADG32 6352 SAANANOU SL,MGZ01/SURT/00014,12/11/2025,C-V/00015,"3919,49","49848,08",BIGCORP SL,Hecho
6352-C-V/00016,14,ADG32 6352 SAANANOU SL,MGZ01/SURT/00015,20/11/2025,C-V/00016,"3459,39","53307,47",COMERCIAL CALCO SA,Hecho
6352-C-V/00017,15,ADG32 6352 SAANANOU SL,MGZ01/SURT/00016,20/11/2025,C-V/00017,"3796,98","57104,45",BIGCORP SL,Hecho
6352-C-V/00018,16,ADG32 6352 SAANANOU SL,MGZ01/SURT/00017,20/11/2025,C-V/00018,"4290,66","61395,11",BIGCORP SL,Hecho
6352-C-V/00019,17,ADG32 6352 SAANANOU SL,MGZ01/SURT/00018,26/11/2025,C-V/00019,"4649,12","66044,23",COMERCIAL CALCO SA,Hecho
6352-C-V/00020,18,ADG32 6352 SAANANOU SL,MGZ01/SURT/00019,27/11/2025,C-V/00020,"4759,84","70804,07",BIGCORP SL,Hecho
6352-C-V/00021,19,ADG32 6352 SAANANOU SL,MGZ01/SURT/00020,27/11/2025,C-V/00021,"4187,21","74991,28",COMERCIAL CALCO SA,Hecho
6352-C-V/00022,20,ADG32 6352 SAANANOU SL,MGZ01/SURT/00021,03/12/2025,C-V/00022,"4787,06","79778,34",COMERCIAL CALCO SA,Hecho
6352-C-V/00023,21,ADG32 6352 SAANANOU SL,MGZ01/SURT/00022,03/12/2025,C-V/00023,"3524,73","83303,07",COMERCIAL CALCO SA,Hecho
6352-C-V/00024,22,ADG32 6352 SAANANOU SL,MGZ01/SURT/00023,03/12/2025,C-V/00024,"3541,07","86844,14",BIGCORP SL,Hecho
6352-C-V/00025,23,ADG32 6352 SAANANOU SL,MGZ01/SURT/00024,10/12/2025,C-V/00025,"4601,93","91446,07",COMERCIAL CALCO SA,Hecho
6352-C-V/00026,24,ADG32 6352 SAANANOU SL,MGZ01/SURT/00025,10/12/2025,C-V/00026,"3450,32","94896,39",BIGCORP SL,Hecho
6352-C-V/00027,25,ADG32 6352 SAANANOU SL,MGZ01/SURT/00026,10/12/2025,C-V/00027,"4504,83","99401,22",BIGCORP SL,Hecho
6352-C-V/00028,26,ADG32 6352 SAANANOU SL,MGZ01/SURT/00031,28/12/2025,C-V/00028,"475,53","99876,75",ADG53 4751 APONS SL,Hecho
6352-C-V/00029,27,ADG32 6352 SAANANOU SL,MGZ01/SURT/00028,28/12/2025,C-V/00029,"3278,80","103155,55",BIGCORP SL,Hecho
6352-C-V/00030,28,ADG32 6352 SAANANOU SL,MGZ01/SURT/00029,28/12/2025,C-V/00030,"3388,61","106544,16",COMERCIAL CALCO SA,Hecho
6352-C-V/00031,29,ADG32 6352 SAANANOU SL,MGZ01/SURT/00030,28/12/2025,C-V/00031,"3928,57","110472,73",BIGCORP SL,Hecho
6356-C-V/00001,1,ADG32 6356 WAANANOU SL,MGZ01/SURT/00001,17/10/2025,C-V/00001,"4428,60","4428,60",BIGCORP SL,Hecho
6356-C-V/00003,2,ADG32 6356 WAANANOU SL,MGZ01/SURT/00002,23/10/2025,C-V/00003,"3798,80","8227,40",COMERCIAL CALCO SA,Hecho
6356-C-V/00004,3,ADG32 6356 WAANANOU SL,MGZ01/SURT/00003,24/10/2025,C-V/00004,"3905,88","12133,28",BIGCORP SL,Hecho
6356-C-V/00005,4,ADG32 6356 WAANANOU SL,MGZ01/SURT/00004,24/10/2025,C-V/00005,"4702,67","16835,95",BIGCORP SL,Hecho
6356-C-V/00007,5,ADG32 6356 WAANANOU SL,MGZ01/SURT/00005,29/10/2025,C-V/00007,"3417,65","20253,60",BIGCORP SL,Hecho
6356-C-V/00008,6,ADG32 6356 WAANANOU SL,MGZ01/SURT/00006,29/10/2025,C-V/00008,"3586,44","23840,04",COMERCIAL CALCO SA,Hecho
6356-C-V/00009,7,ADG32 6356 WAANANOU SL,MGZ01/SURT/00007,29/10/2025,C-V/00009,"3791,54","27631,58",COMERCIAL CALCO SA,Hecho
6356-C-V/00010,8,ADG32 6356 WAANANOU SL,MGZ01/SURT/00008,06/11/2025,C-V/00010,"4768,01","32399,59",BIGCORP SL,Hecho
6356-C-V/00011,9,ADG32 6356 WAANANOU SL,MGZ01/SURT/00009,06/11/2025,C-V/00011,"3744,35","36143,94",BIGCORP SL,Hecho
6356-C-V/00012,10,ADG32 6356 WAANANOU SL,MGZ01/SURT/00010,06/11/2025,C-V/00012,"4011,15","40155,09",BIGCORP SL,Hecho
6356-C-V/00013,11,ADG32 6356 WAANANOU SL,MGZ01/SURT/00011,14/11/2025,C-V/00013,"4310,63","44465,72",COMERCIAL CALCO SA,Hecho
6356-C-V/00014,12,ADG32 6356 WAANANOU SL,MGZ01/SURT/00012,14/11/2025,C-V/00014,"3884,10","48349,82",COMERCIAL CALCO SA,Hecho
6356-C-V/00015,13,ADG32 6356 WAANANOU SL,MGZ01/SURT/00013,14/11/2025,C-V/00015,"4472,16","52821,98",BIGCORP SL,Hecho
6356-C-V/00016,14,ADG32 6356 WAANANOU SL,MGZ01/SURT/00015,19/11/2025,C-V/00016,"3384,98","56206,96",COMERCIAL CALCO SA,Hecho
6356-C-V/00017,15,ADG32 6356 WAANANOU SL,MGZ01/SURT/00016,21/11/2025,C-V/00017,"4601,03","60807,99",COMERCIAL CALCO SA,Hecho
6356-C-V/00018,16,ADG32 6356 WAANANOU SL,MGZ01/SURT/00017,21/11/2025,C-V/00018,"3864,14","64672,13",COMERCIAL CALCO SA,Hecho
6356-C-V/00019,17,ADG32 6356 WAANANOU SL,MGZ01/SURT/00018,26/11/2025,C-V/00019,"3885,92","68558,05",BIGCORP SL,Hecho
6356-C-V/00020,18,ADG32 6356 WAANANOU SL,MGZ01/SURT/00019,26/11/2025,C-V/00020,"3780,65","72338,70",BIGCORP SL,Hecho
6356-C-V/00021,19,ADG32 6356 WAANANOU SL,MGZ01/SURT/00020,26/11/2025,C-V/00021,"3789,72","76128,42",BIGCORP SL,Hecho
6356-C-V/00022,20,ADG32 6356 WAANANOU SL,MGZ01/SURT/00021,03/12/2025,C-V/00022,"4341,48","80469,90",BIGCORP SL,Hecho
6356-C-V/00023,21,ADG32 6356 WAANANOU SL,MGZ01/SURT/00022,03/12/2025,C-V/00023,"4042,01","84511,91",COMERCIAL CALCO SA,Hecho
6356-C-V/00024,22,ADG32 6356 WAANANOU SL,MGZ01/SURT/00024,03/12/2025,C-V/00024,"4472,16","88984,07",COMERCIAL CALCO SA,Hecho
6356-C-V/00025,23,ADG32 6356 WAANANOU SL,MGZ01/SURT/00025,10/12/2025,C-V/00025,"4203,54","93187,61",COMERCIAL CALCO SA,Hecho
6356-C-V/00026,24,ADG32 6356 WAANANOU SL,MGZ01/SURT/00026,10/12/2025,C-V/00026,"4254,36","97441,97",BIGCORP SL,Hecho
6356-C-V/00027,25,ADG32 6356 WAANANOU SL,MGZ01/SURT/00027,10/12/2025,C-V/00027,"3450,32","100892,29",COMERCIAL CALCO SA,Hecho
6356-C-V/00028,26,ADG32 6356 WAANANOU SL,MGZ01/SURT/00033,30/12/2025,C-V/00028,"473,72","101366,01",ADG53 4751 APONS SL,Hecho
6356-C-V/00029,27,ADG32 6356 WAANANOU SL,MGZ01/SURT/00028,17/12/2025,C-V/00029,"4210,80","105576,81",COMERCIAL CALCO SA,Hecho
6356-C-V/00030,28,ADG32 6356 WAANANOU SL,MGZ01/SURT/00029,17/12/2025,C-V/00030,"4421,34","109998,15",COMERCIAL CALCO SA,Hecho
6356-C-V/00031,29,ADG32 6356 WAANANOU SL,MGZ01/SURT/00032,18/12/2025,C-V/00031,"4357,82","114355,97",BIGCORP SL,Hecho
6366-C-V/00001,1,ADG32 6366 JMORAGUES SL,MGZ01/SURT/00001,17/10/2025,C-V/00001,"3631,82","3631,82",BIGCORP SL,Hecho
6366-C-V/00003,2,ADG32 6366 JMORAGUES SL,MGZ01/SURT/00002,22/10/2025,C-V/00003,"3982,11","7613,93",BIGCORP SL,Hecho
6366-C-V/00004,3,ADG32 6366 JMORAGUES SL,MGZ01/SURT/00003,22/10/2025,C-V/00004,"3760,68","11374,61",BIGCORP SL,Hecho
6366-C-V/00005,4,ADG32 6366 JMORAGUES SL,MGZ01/SURT/00004,22/10/2025,C-V/00005,"4239,84","15614,45",COMERCIAL CALCO SA,Hecho
6366-C-V/00007,5,ADG32 6366 JMORAGUES SL,MGZ01/SURT/00005,29/10/2025,C-V/00007,"3869,58","19484,03",COMERCIAL CALCO SA,Hecho
6366-C-V/00008,6,ADG32 6366 JMORAGUES SL,MGZ01/SURT/00006,29/10/2025,C-V/00008,"3334,16","22818,19",COMERCIAL CALCO SA,Hecho
6366-C-V/00009,7,ADG32 6366 JMORAGUES SL,MGZ01/SURT/00007,29/10/2025,C-V/00009,"3561,03","26379,22",BIGCORP SL,Hecho
6366-C-V/00010,8,ADG32 6366 JMORAGUES SL,MGZ01/SURT/00008,05/11/2025,C-V/00010,"4789,79","31169,01",BIGCORP SL,Hecho
6366-C-V/00011,9,ADG32 6366 JMORAGUES SL,MGZ01/SURT/00009,05/11/2025,C-V/00011,"4657,29","35826,30",COMERCIAL CALCO SA,Hecho
6366-C-V/00012,10,ADG32 6366 JMORAGUES SL,MGZ01/SURT/00010,05/11/2025,C-V/00012,"4642,77","40469,07",COMERCIAL CALCO SA,Hecho
6366-C-V/00013,11,ADG32 6366 JMORAGUES SL,MGZ01/SURT/00011,12/11/2025,C-V/00013,"4744,41","45213,48",BIGCORP SL,Hecho
6366-C-V/00014,12,ADG32 6366 JMORAGUES SL,MGZ01/SURT/00012,12/11/2025,C-V/00014,"4076,49","49289,97",COMERCIAL CALCO SA,Hecho
6366-C-V/00015,13,ADG32 6366 JMORAGUES SL,MGZ01/SURT/00013,12/11/2025,C-V/00015,"3615,48","52905,45",BIGCORP SL,Hecho
6366-C-V/00016,14,ADG32 6366 JMORAGUES SL,MGZ01/SURT/00014,19/11/2025,C-V/00016,"3463,02","56368,47",BIGCORP SL,Hecho
6366-C-V/00017,15,ADG32 6366 JMORAGUES SL,MGZ01/SURT/00015,19/11/2025,C-V/00017,"3713,49","60081,96",COMERCIAL CALCO SA,Hecho
6366-C-V/00018,16,ADG32 6366 JMORAGUES SL,MGZ01/SURT/00016,19/11/2025,C-V/00018,"3441,24","63523,20",BIGCORP SL,Hecho
6366-C-V/00019,17,ADG32 6366 JMORAGUES SL,MGZ01/SURT/00017,26/11/2025,C-V/00019,"3793,35","67316,55",COMERCIAL CALCO SA,Hecho
6366-C-V/00020,18,ADG32 6366 JMORAGUES SL,MGZ01/SURT/00018,26/11/2025,C-V/00020,"4121,87","71438,42",BIGCORP SL,Hecho
6366-C-V/00021,19,ADG32 6366 JMORAGUES SL,MGZ01/SURT/00019,26/11/2025,C-V/00021,"4272,51","75710,93",BIGCORP SL,Hecho
6366-C-V/00022,20,ADG32 6366 JMORAGUES SL,MGZ01/SURT/00020,03/12/2025,C-V/00022,"3885,92","79596,85",BIGCORP SL,Hecho
6366-C-V/00023,21,ADG32 6366 JMORAGUES SL,MGZ01/SURT/00021,03/12/2025,C-V/00023,"3746,16","83343,01",COMERCIAL CALCO SA,Hecho
6366-C-V/00024,22,ADG32 6366 JMORAGUES SL,MGZ01/SURT/00022,03/12/2025,C-V/00024,"4250,73","87593,74",BIGCORP SL,Hecho
6366-C-V/00025,23,ADG32 6366 JMORAGUES SL,MGZ01/SURT/00023,10/12/2025,C-V/00025,"4606,47","92200,21",COMERCIAL CALCO SA,Hecho
6366-C-V/00026,24,ADG32 6366 JMORAGUES SL,MGZ01/SURT/00024,10/12/2025,C-V/00026,"3675,38","95875,59",BIGCORP SL,Hecho
6366-C-V/00027,25,ADG32 6366 JMORAGUES SL,MGZ01/SURT/00025,10/12/2025,C-V/00027,"3239,78","99115,37",COMERCIAL CALCO SA,Hecho
6366-C-V/00030,26,ADG32 6366 JMORAGUES SL,MGZ01/SURT/00026,18/12/2025,C-V/00030,"3296,04","102411,41",BIGCORP SL,Hecho
6366-C-V/00031,27,ADG32 6366 JMORAGUES SL,MGZ01/SURT/00027,18/12/2025,C-V/00031,"4005,71","106417,12",COMERCIAL CALCO SA,Hecho
6366-C-V/00032,28,ADG32 6366 JMORAGUES SL,MGZ01/SURT/00028,18/12/2025,C-V/00032,"3410,39","109827,51",BIGCORP SL,Hecho
6368-C-V/00001,1,ADG32 6368 LPIZA SL,MGZ01/SURT/00001,17/10/2025,C-V/00001,"4679,07","4679,07",COMERCIAL CALCO SA,Hecho
6368-C-V/00002,2,ADG32 6368 LPIZA SL,MGZ01/SURT/00002,23/10/2025,C-V/00002,"3582,81","8261,88",COMERCIAL CALCO SA,Hecho
6368-C-V/00003,3,ADG32 6368 LPIZA SL,MGZ01/SURT/00003,24/10/2025,C-V/00003,"3198,03","11459,91",COMERCIAL CALCO SA,Hecho
6368-C-V/00004,4,ADG32 6368 LPIZA SL,MGZ01/SURT/00004,24/10/2025,C-V/00004,"3198,03","14657,94",COMERCIAL CALCO SA,Hecho
6368-C-V/00005,5,ADG32 6368 LPIZA SL,MGZ01/SURT/00005,29/10/2025,C-V/00005,"3713,49","18371,43",BIGCORP SL,Hecho
6368-C-V/00006,6,ADG32 6368 LPIZA SL,MGZ01/SURT/00006,29/10/2025,C-V/00006,"3811,50","22182,93",COMERCIAL CALCO SA,Hecho
6368-C-V/00007,7,ADG32 6368 LPIZA SL,MGZ01/SURT/00007,29/10/2025,C-V/00007,"4268,88","26451,81",COMERCIAL CALCO SA,Hecho
6368-C-V/00008,8,ADG32 6368 LPIZA SL,MGZ01/SURT/00008,05/11/2025,C-V/00008,"3354,12","29805,93",BIGCORP SL,Hecho
6368-C-V/00009,9,ADG32 6368 LPIZA SL,MGZ01/SURT/00009,05/11/2025,C-V/00009,"4679,07","34485,00",COMERCIAL CALCO SA,Hecho
6368-C-V/00010,10,ADG32 6368 LPIZA SL,MGZ01/SURT/00010,05/11/2025,C-V/00010,"4758,93","39243,93",COMERCIAL CALCO SA,Hecho
6368-C-V/00011,11,ADG32 6368 LPIZA SL,MGZ01/SURT/00011,13/11/2025,C-V/00011,"3633,63","42877,56",BIGCORP SL,Hecho
6368-C-V/00012,12,ADG32 6368 LPIZA SL,MGZ01/SURT/00012,13/11/2025,C-V/00012,"4424,97","47302,53",BIGCORP SL,Hecho
6368-C-V/00013,13,ADG32 6368 LPIZA SL,MGZ01/SURT/00013,13/11/2025,C-V/00013,"3644,52","50947,05",COMERCIAL CALCO SA,Hecho
6368-C-V/00014,14,ADG32 6368 LPIZA SL,MGZ01/SURT/00014,19/11/2025,C-V/00014,"4061,97","55009,02",BIGCORP SL,Hecho
6368-C-V/00015,15,ADG32 6368 LPIZA SL,MGZ01/SURT/00015,19/11/2025,C-V/00015,"3695,34","58704,36",BIGCORP SL,Hecho
6368-C-V/00016,16,ADG32 6368 LPIZA SL,MGZ01/SURT/00016,19/11/2025,C-V/00016,"3818,76","62523,12",COMERCIAL CALCO SA,Hecho
6368-C-V/00017,17,ADG32 6368 LPIZA SL,MGZ01/SURT/00017,27/11/2025,C-V/00017,"4159,98","66683,10",BIGCORP SL,Hecho
6368-C-V/00018,18,ADG32 6368 LPIZA SL,MGZ01/SURT/00018,27/11/2025,C-V/00018,"3484,80","70167,90",COMERCIAL CALCO SA,Hecho
6368-C-V/00019,19,ADG32 6368 LPIZA SL,MGZ01/SURT/00019,27/11/2025,C-V/00019,"4700,85","74868,75",COMERCIAL CALCO SA,Hecho
6368-C-V/00020,20,ADG32 6368 LPIZA SL,MGZ01/SURT/00020,03/12/2025,C-V/00020,"4421,34","79290,09",COMERCIAL CALCO SA,Hecho
6368-C-V/00021,21,ADG32 6368 LPIZA SL,MGZ01/SURT/00021,03/12/2025,C-V/00021,"4381,41","83671,50",COMERCIAL CALCO SA,Hecho
6368-C-V/00022,22,ADG32 6368 LPIZA SL,MGZ01/SURT/00022,03/12/2025,C-V/00022,"4061,97","87733,47",COMERCIAL CALCO SA,Hecho
6368-C-V/00023,23,ADG32 6368 LPIZA SL,MGZ01/SURT/00023,10/12/2025,C-V/00023,"4352,37","92085,84",COMERCIAL CALCO SA,Hecho
6368-C-V/00024,24,ADG32 6368 LPIZA SL,MGZ01/SURT/00024,10/12/2025,C-V/00024,"4450,38","96536,22",BIGCORP SL,Hecho
6368-C-V/00025,25,ADG32 6368 LPIZA SL,MGZ01/SURT/00025,10/12/2025,C-V/00025,"4366,89","100903,11",BIGCORP SL,Hecho
6368-C-V/00027,26,ADG32 6368 LPIZA SL,MGZ01/SURT/00026,17/12/2025,C-V/00027,"3394,05","104297,16",BIGCORP SL,Hecho
6368-C-V/00028,27,ADG32 6368 LPIZA SL,MGZ01/SURT/00027,17/12/2025,C-V/00028,"3909,51","108206,67",BIGCORP SL,Hecho
6368-C-V/00029,28,ADG32 6368 LPIZA SL,MGZ01/SURT/00028,17/12/2025,C-V/00029,"3234,33","111441,00",BIGCORP SL,Hecho
6369-C-V/00001,1,ADG32 6369 VMASTRANGELO SL,MGZ01/SURT/00001,17/10/2025,C-V/00001,"4248,92","4248,92",COMERCIAL CALCO SA,Hecho
6369-C-V/00002,2,ADG32 6369 VMASTRANGELO SL,MGZ01/SURT/00002,22/10/2025,C-V/00002,"4153,63","8402,55",BIGCORP SL,Hecho
6369-C-V/00003,3,ADG32 6369 VMASTRANGELO SL,MGZ01/SURT/00003,23/10/2025,C-V/00003,"3855,06","12257,61",COMERCIAL CALCO SA,Hecho
6369-C-V/00004,4,ADG32 6369 VMASTRANGELO SL,MGZ01/SURT/00004,23/10/2025,C-V/00004,"3531,08","15788,69",COMERCIAL CALCO SA,Hecho
6369-C-V/00005,5,ADG32 6369 VMASTRANGELO SL,MGZ01/SURT/00005,29/10/2025,C-V/00005,"4583,78","20372,47",COMERCIAL CALCO SA,Hecho
6369-C-V/00006,6,ADG32 6369 VMASTRANGELO SL,MGZ01/SURT/00006,29/10/2025,C-V/00006,"3873,21","24245,68",BIGCORP SL,Hecho
6369-C-V/00007,7,ADG32 6369 VMASTRANGELO SL,MGZ01/SURT/00007,29/10/2025,C-V/00007,"3289,69","27535,37",BIGCORP SL,Hecho
6369-C-V/00008,8,ADG32 6369 VMASTRANGELO SL,MGZ01/SURT/00008,05/11/2025,C-V/00008,"4173,59","31708,96",COMERCIAL CALCO SA,Hecho
6369-C-V/00009,9,ADG32 6369 VMASTRANGELO SL,MGZ01/SURT/00009,05/11/2025,C-V/00009,"3426,72","35135,68",BIGCORP SL,Hecho
6369-C-V/00010,10,ADG32 6369 VMASTRANGELO SL,MGZ01/SURT/00010,05/11/2025,C-V/00010,"3703,51","38839,19",BIGCORP SL,Hecho
6369-C-V/00011,11,ADG32 6369 VMASTRANGELO SL,MGZ01/SURT/00011,12/11/2025,C-V/00011,"3294,23","42133,42",COMERCIAL CALCO SA,Hecho
6369-C-V/00012,12,ADG32 6369 VMASTRANGELO SL,MGZ01/SURT/00012,12/11/2025,C-V/00012,"4090,10","46223,52",BIGCORP SL,Hecho
6369-C-V/00013,13,ADG32 6369 VMASTRANGELO SL,MGZ01/SURT/00013,12/11/2025,C-V/00013,"4539,32","50762,84",COMERCIAL CALCO SA,Hecho
6369-C-V/00014,14,ADG32 6369 VMASTRANGELO SL,MGZ01/SURT/00014,19/11/2025,C-V/00014,"3463,02","54225,86",BIGCORP SL,Hecho
6369-C-V/00015,15,ADG32 6369 VMASTRANGELO SL,MGZ01/SURT/00015,19/11/2025,C-V/00015,"4633,70","58859,56",BIGCORP SL,Hecho
6369-C-V/00016,16,ADG32 6369 VMASTRANGELO SL,MGZ01/SURT/00016,19/11/2025,C-V/00016,"3423,09","62282,65",COMERCIAL CALCO SA,Hecho
6369-C-V/00017,17,ADG32 6369 VMASTRANGELO SL,MGZ01/SURT/00017,26/11/2025,C-V/00017,"4598,30","66880,95",BIGCORP SL,Hecho
6369-C-V/00018,18,ADG32 6369 VMASTRANGELO SL,MGZ01/SURT/00018,26/11/2025,C-V/00018,"4544,76","71425,71",BIGCORP SL,Hecho
6369-C-V/00019,19,ADG32 6369 VMASTRANGELO SL,MGZ01/SURT/00019,26/11/2025,C-V/00019,"3507,49","74933,20",BIGCORP SL,Hecho
6369-C-V/00020,20,ADG32 6369 VMASTRANGELO SL,MGZ01/SURT/00020,03/12/2025,C-V/00020,"3859,60","78792,80",COMERCIAL CALCO SA,Hecho
6369-C-V/00021,21,ADG32 6369 VMASTRANGELO SL,MGZ01/SURT/00021,03/12/2025,C-V/00021,"3967,59","82760,39",COMERCIAL CALCO SA,Hecho
6369-C-V/00022,22,ADG32 6369 VMASTRANGELO SL,MGZ01/SURT/00022,03/12/2025,C-V/00022,"3653,60","86413,99",BIGCORP SL,Hecho
6369-C-V/00023,23,ADG32 6369 VMASTRANGELO SL,MGZ01/SURT/00023,10/12/2025,C-V/00023,"4285,22","90699,21",COMERCIAL CALCO SA,Hecho
6369-C-V/00024,24,ADG32 6369 VMASTRANGELO SL,MGZ01/SURT/00024,10/12/2025,C-V/00024,"3245,22","93944,43",BIGCORP SL,Hecho
6369-C-V/00025,25,ADG32 6369 VMASTRANGELO SL,MGZ01/SURT/00025,10/12/2025,C-V/00025,"4336,04","98280,47",BIGCORP SL,Hecho
6369-C-V/00027,26,ADG32 6369 VMASTRANGELO SL,MGZ01/SURT/00026,18/12/2025,C-V/00027,"3881,38","102161,85",COMERCIAL CALCO SA,Hecho
6369-C-V/00028,27,ADG32 6369 VMASTRANGELO SL,MGZ01/SURT/00027,18/12/2025,C-V/00028,"3455,76","105617,61",BIGCORP SL,Hecho
6369-C-V/00029,28,ADG32 6369 VMASTRANGELO SL,MGZ01/SURT/00028,18/12/2025,C-V/00029,"4429,51","110047,12",BIGCORP SL,Hecho
6427-C-V/00001,1,ADG32 6427 NANANOU SL,MGZ01/SURT/00001,17/10/2025,C-V/00001,"3208,92","3208,92",BIGCORP SL,Hecho
6427-C-V/00002,2,ADG32 6427 NANANOU SL,MGZ01/SURT/00002,23/10/2025,C-V/00002,"3510,21","6719,13",COMERCIAL CALCO SA,Hecho
6427-C-V/00003,3,ADG32 6427 NANANOU SL,MGZ01/SURT/00003,23/10/2025,C-V/00003,"4032,93","10752,06",COMERCIAL CALCO SA,Hecho
6427-C-V/00004,4,ADG32 6427 NANANOU SL,MGZ01/SURT/00004,23/10/2025,C-V/00004,"3691,71","14443,77",BIGCORP SL,Hecho
6427-C-V/00005,5,ADG32 6427 NANANOU SL,MGZ01/SURT/00005,29/10/2025,C-V/00005,"3292,41","17736,18",COMERCIAL CALCO SA,Hecho
6427-C-V/00006,6,ADG32 6427 NANANOU SL,MGZ01/SURT/00006,29/10/2025,C-V/00006,"3357,75","21093,93",COMERCIAL CALCO SA,Hecho
6427-C-V/00007,7,ADG32 6427 NANANOU SL,MGZ01/SURT/00007,29/10/2025,C-V/00007,"3989,37","25083,30",BIGCORP SL,Hecho
6427-C-V/00008,8,ADG32 6427 NANANOU SL,MGZ01/SURT/00008,05/11/2025,C-V/00008,"3303,30","28386,60",COMERCIAL CALCO SA,Hecho
6427-C-V/00009,9,ADG32 6427 NANANOU SL,MGZ01/SURT/00009,05/11/2025,C-V/00009,"4704,48","33091,08",BIGCORP SL,Hecho
6427-C-V/00010,10,ADG32 6427 NANANOU SL,MGZ01/SURT/00010,05/11/2025,C-V/00010,"4682,70","37773,78",BIGCORP SL,Hecho
6427-C-V/00011,11,ADG32 6427 NANANOU SL,MGZ01/SURT/00011,12/11/2025,C-V/00011,"3379,53","41153,31",BIGCORP SL,Hecho
6427-C-V/00012,12,ADG32 6427 NANANOU SL,MGZ01/SURT/00012,12/11/2025,C-V/00012,"3793,35","44946,66",BIGCORP SL,Hecho
6427-C-V/00013,13,ADG32 6427 NANANOU SL,MGZ01/SURT/00013,12/11/2025,C-V/00013,"4007,52","48954,18",COMERCIAL CALCO SA,Hecho
6427-C-V/00014,14,ADG32 6427 NANANOU SL,MGZ01/SURT/00014,21/11/2025,C-V/00014,"3909,51","52863,69",BIGCORP SL,Hecho
6427-C-V/00015,15,ADG32 6427 NANANOU SL,MGZ01/SURT/00015,21/11/2025,C-V/00015,"4704,48","57568,17",COMERCIAL CALCO SA,Hecho
6427-C-V/00016,16,ADG32 6427 NANANOU SL,MGZ01/SURT/00016,21/11/2025,C-V/00016,"3198,03","60766,20",BIGCORP SL,Hecho
6427-C-V/00017,17,ADG32 6427 NANANOU SL,MGZ01/SURT/00017,26/11/2025,C-V/00017,"4508,46","65274,66",BIGCORP SL,Hecho
6427-C-V/00018,18,ADG32 6427 NANANOU SL,MGZ01/SURT/00018,26/11/2025,C-V/00018,"4000,26","69274,92",BIGCORP SL,Hecho
6427-C-V/00019,19,ADG32 6427 NANANOU SL,MGZ01/SURT/00019,26/11/2025,C-V/00019,"3553,77","72828,69",COMERCIAL CALCO SA,Hecho
6427-C-V/00020,20,ADG32 6427 NANANOU SL,MGZ01/SURT/00020,03/12/2025,C-V/00020,"3524,73","76353,42",BIGCORP SL,Hecho
6427-C-V/00021,21,ADG32 6427 NANANOU SL,MGZ01/SURT/00021,03/12/2025,C-V/00021,"4189,02","80542,44",BIGCORP SL,Hecho
6427-C-V/00022,22,ADG32 6427 NANANOU SL,MGZ01/SURT/00022,03/12/2025,C-V/00022,"3455,76","83998,20",BIGCORP SL,Hecho
6427-C-V/00023,23,ADG32 6427 NANANOU SL,MGZ01/SURT/00023,10/12/2025,C-V/00023,"4076,49","88074,69",COMERCIAL CALCO SA,Hecho
6427-C-V/00024,24,ADG32 6427 NANANOU SL,MGZ01/SURT/00024,10/12/2025,C-V/00024,"4795,23","92869,92",COMERCIAL CALCO SA,Hecho
6427-C-V/00025,25,ADG32 6427 NANANOU SL,MGZ01/SURT/00025,10/12/2025,C-V/00025,"3757,05","96626,97",BIGCORP SL,Hecho
6427-C-V/00027,26,ADG32 6427 NANANOU SL,MGZ01/SURT/00026,18/12/2025,C-V/00027,"3553,77","100180,74",BIGCORP SL,Hecho
6427-C-V/00028,27,ADG32 6427 NANANOU SL,MGZ01/SURT/00027,18/12/2025,C-V/00028,"3626,37","103807,11",BIGCORP SL,Hecho
6427-C-V/00029,28,ADG32 6427 NANANOU SL,MGZ01/SURT/00028,18/12/2025,C-V/00029,"4287,03","108094,14",BIGCORP SL,Hecho
6427-C-V/00030,29,ADG32 6427 NANANOU SL,MGZ01/SURT/00037,30/12/2025,C-V/00030,"493,68","108587,82",ADG53 4751 APONS SL,Hecho
6428-C-V/00001,1,ADG32 6428 ABOUBAL SL,MGZ01/SURT/00003,24/10/2025,C-V/00001,"3528,36","3528,36",COMERCIAL CALCO SA,Hecho
6428-C-V/00002,2,ADG32 6428 ABOUBAL SL,MGZ01/SURT/00006,24/10/2025,C-V/00002,"3786,09","7314,45",COMERCIAL CALCO SA,Hecho
6428-C-V/00003,3,ADG32 6428 ABOUBAL SL,MGZ01/SURT/00005,24/10/2025,C-V/00003,"4123,68","11438,13",COMERCIAL CALCO SA,Hecho
6428-C-V/00004,4,ADG32 6428 ABOUBAL SL,MGZ01/SURT/00004,24/10/2025,C-V/00004,"4577,43","16015,56",COMERCIAL CALCO SA,Hecho
6428-C-V/00005,5,ADG32 6428 ABOUBAL SL,MGZ01/SURT/00007,29/10/2025,C-V/00005,"3869,58","19885,14",COMERCIAL CALCO SA,Hecho
6428-C-V/00006,6,ADG32 6428 ABOUBAL SL,MGZ01/SURT/00008,29/10/2025,C-V/00006,"3230,70","23115,84",COMERCIAL CALCO SA,Hecho
6428-C-V/00007,7,ADG32 6428 ABOUBAL SL,MGZ01/SURT/00009,29/10/2025,C-V/00007,"4642,77","27758,61",COMERCIAL CALCO SA,Hecho
6428-C-V/00008,8,ADG32 6428 ABOUBAL SL,MGZ01/SURT/00010,05/11/2025,C-V/00008,"4178,13","31936,74",BIGCORP SL,Hecho
6428-C-V/00009,9,ADG32 6428 ABOUBAL SL,MGZ01/SURT/00011,05/11/2025,C-V/00009,"3386,79","35323,53",COMERCIAL CALCO SA,Hecho
6428-C-V/00010,10,ADG32 6428 ABOUBAL SL,MGZ01/SURT/00012,05/11/2025,C-V/00010,"4552,02","39875,55",COMERCIAL CALCO SA,Hecho
6428-C-V/00011,11,ADG32 6428 ABOUBAL SL,MGZ01/SURT/00013,12/11/2025,C-V/00011,"4428,60","44304,15",COMERCIAL CALCO SA,Hecho
6428-C-V/00012,12,ADG32 6428 ABOUBAL SL,MGZ01/SURT/00014,12/11/2025,C-V/00012,"3335,97","47640,12",BIGCORP SL,Hecho
6428-C-V/00013,13,ADG32 6428 ABOUBAL SL,MGZ01/SURT/00015,12/11/2025,C-V/00013,"3659,04","51299,16",BIGCORP SL,Hecho
6428-C-V/00014,14,ADG32 6428 ABOUBAL SL,MGZ01/SURT/00016,19/11/2025,C-V/00014,"4755,30","56054,46",BIGCORP SL,Hecho
6428-C-V/00015,15,ADG32 6428 ABOUBAL SL,MGZ01/SURT/00017,19/11/2025,C-V/00015,"4435,86","60490,32",BIGCORP SL,Hecho
6428-C-V/00016,16,ADG32 6428 ABOUBAL SL,MGZ01/SURT/00018,19/11/2025,C-V/00016,"3869,58","64359,90",BIGCORP SL,Hecho
6428-C-V/00017,17,ADG32 6428 ABOUBAL SL,MGZ01/SURT/00019,26/11/2025,C-V/00017,"3441,24","67801,14",COMERCIAL CALCO SA,Hecho
6428-C-V/00018,18,ADG32 6428 ABOUBAL SL,MGZ01/SURT/00020,26/11/2025,C-V/00018,"4664,55","72465,69",COMERCIAL CALCO SA,Hecho
6428-C-V/00019,19,ADG32 6428 ABOUBAL SL,MGZ01/SURT/00021,26/11/2025,C-V/00019,"4199,91","76665,60",COMERCIAL CALCO SA,Hecho
6428-C-V/00020,20,ADG32 6428 ABOUBAL SL,MGZ01/SURT/00022,03/12/2025,C-V/00020,"3401,31","80066,91",BIGCORP SL,Hecho
6428-C-V/00021,21,ADG32 6428 ABOUBAL SL,MGZ01/SURT/00023,03/12/2025,C-V/00021,"4755,30","84822,21",COMERCIAL CALCO SA,Hecho
6428-C-V/00022,22,ADG32 6428 ABOUBAL SL,MGZ01/SURT/00024,03/12/2025,C-V/00022,"3648,15","88470,36",BIGCORP SL,Hecho
6428-C-V/00023,23,ADG32 6428 ABOUBAL SL,MGZ01/SURT/00025,10/12/2025,C-V/00023,"3934,92","92405,28",COMERCIAL CALCO SA,Hecho
6428-C-V/00024,24,ADG32 6428 ABOUBAL SL,MGZ01/SURT/00026,10/12/2025,C-V/00024,"4058,34","96463,62",BIGCORP SL,Hecho
6428-C-V/00025,25,ADG32 6428 ABOUBAL SL,MGZ01/SURT/00027,10/12/2025,C-V/00025,"3379,53","99843,15",COMERCIAL CALCO SA,Hecho
6428-C-V/00026,26,ADG32 6428 ABOUBAL SL,MGZ01/SURT/00028,18/12/2025,C-V/00026,"3720,75","103563,90",COMERCIAL CALCO SA,Hecho
6428-C-V/00027,27,ADG32 6428 ABOUBAL SL,MGZ01/SURT/00029,18/12/2025,C-V/00027,"3444,87","107008,77",BIGCORP SL,Hecho
6428-C-V/00028,28,ADG32 6428 ABOUBAL SL,MGZ01/SURT/00030,18/12/2025,C-V/00028,"3982,11","110990,88",COMERCIAL CALCO SA,Hecho
6428-C-V/00031,29,ADG32 6428 ABOUBAL SL,MGZ01/SURT/00031,30/12/2025,C-V/00031,"490,05","111480,93",ADG53 4751 APONS SL,Hecho
6431-C-V/00001,1,ADG32 6431 GZOUGGAGHI SL,MGZ01/SURT/00001,17/10/2025,C-V/00001,"3949,44","3949,44",BIGCORP SL,Hecho
6431-C-V/00002,2,ADG32 6431 GZOUGGAGHI SL,MGZ01/SURT/00002,23/10/2025,C-V/00002,"3648,15","7597,59",BIGCORP SL,Hecho
6431-C-V/00003,3,ADG32 6431 GZOUGGAGHI SL,MGZ01/SURT/00003,23/10/2025,C-V/00003,"3214,37","10811,96",BIGCORP SL,Hecho
6431-C-V/00004,4,ADG32 6431 GZOUGGAGHI SL,MGZ01/SURT/00004,23/10/2025,C-V/00004,"3914,96","14726,92",BIGCORP SL,Hecho
6431-C-V/00005,5,ADG32 6431 GZOUGGAGHI SL,MGZ01/SURT/00005,29/10/2025,C-V/00005,"3305,12","18032,04",COMERCIAL CALCO SA,Hecho
6431-C-V/00006,6,ADG32 6431 GZOUGGAGHI SL,MGZ01/SURT/00006,29/10/2025,C-V/00006,"4232,58","22264,62",BIGCORP SL,Hecho
6431-C-V/00007,7,ADG32 6431 GZOUGGAGHI SL,MGZ01/SURT/00007,29/10/2025,C-V/00007,"3261,56","25526,18",BIGCORP SL,Hecho
6431-C-V/00009,8,ADG32 6431 GZOUGGAGHI SL,MGZ01/SURT/00008,05/11/2025,C-V/00009,"4140,02","29666,20",BIGCORP SL,Hecho
6431-C-V/00010,9,ADG32 6431 GZOUGGAGHI SL,MGZ01/SURT/00009,05/11/2025,C-V/00010,"3764,31","33430,51",COMERCIAL CALCO SA,Hecho
6431-C-V/00012,10,ADG32 6431 GZOUGGAGHI SL,MGZ01/SURT/00010,05/11/2025,C-V/00012,"3660,86","37091,37",BIGCORP SL,Hecho
6431-C-V/00013,11,ADG32 6431 GZOUGGAGHI SL,MGZ01/SURT/00011,12/11/2025,C-V/00013,"3245,22","40336,59",COMERCIAL CALCO SA,Hecho
6431-C-V/00014,12,ADG32 6431 GZOUGGAGHI SL,MGZ01/SURT/00012,12/11/2025,C-V/00014,"3604,59","43941,18",COMERCIAL CALCO SA,Hecho
6431-C-V/00015,13,ADG32 6431 GZOUGGAGHI SL,MGZ01/SURT/00013,12/11/2025,C-V/00015,"4682,70","48623,88",COMERCIAL CALCO SA,Hecho
6431-C-V/00016,14,ADG32 6431 GZOUGGAGHI SL,MGZ01/SURT/00014,19/11/2025,C-V/00016,"4363,26","52987,14",COMERCIAL CALCO SA,Hecho
6431-C-V/00017,15,ADG32 6431 GZOUGGAGHI SL,MGZ01/SURT/00015,19/11/2025,C-V/00017,"4045,64","57032,78",COMERCIAL CALCO SA,Hecho
6431-C-V/00018,16,ADG32 6431 GZOUGGAGHI SL,MGZ01/SURT/00016,19/11/2025,C-V/00018,"3755,24","60788,02",COMERCIAL CALCO SA,Hecho
6431-C-V/00019,17,ADG32 6431 GZOUGGAGHI SL,MGZ01/SURT/00017,26/11/2025,C-V/00019,"3394,05","64182,07",COMERCIAL CALCO SA,Hecho
6431-C-V/00020,18,ADG32 6431 GZOUGGAGHI SL,MGZ01/SURT/00018,26/11/2025,C-V/00020,"4014,78","68196,85",BIGCORP SL,Hecho
6431-C-V/00021,19,ADG32 6431 GZOUGGAGHI SL,MGZ01/SURT/00019,26/11/2025,C-V/00021,"4221,69","72418,54",COMERCIAL CALCO SA,Hecho
6431-C-V/00022,20,ADG32 6431 GZOUGGAGHI SL,MGZ01/SURT/00020,03/12/2025,C-V/00022,"4390,49","76809,03",COMERCIAL CALCO SA,Hecho
6431-C-V/00023,21,ADG32 6431 GZOUGGAGHI SL,MGZ01/SURT/00021,03/12/2025,C-V/00023,"4775,27","81584,30",COMERCIAL CALCO SA,Hecho
6431-C-V/00024,22,ADG32 6431 GZOUGGAGHI SL,MGZ01/SURT/00022,03/12/2025,C-V/00024,"3766,13","85350,43",BIGCORP SL,Hecho
6431-C-V/00025,23,ADG32 6431 GZOUGGAGHI SL,MGZ01/SURT/00023,10/12/2025,C-V/00025,"4040,19","89390,62",COMERCIAL CALCO SA,Hecho
6431-C-V/00026,24,ADG32 6431 GZOUGGAGHI SL,MGZ01/SURT/00024,10/12/2025,C-V/00026,"4042,01","93432,63",BIGCORP SL,Hecho
6431-C-V/00027,25,ADG32 6431 GZOUGGAGHI SL,MGZ01/SURT/00025,10/12/2025,C-V/00027,"4746,23","98178,86",BIGCORP SL,Hecho
6431-C-V/00028,26,ADG32 6431 GZOUGGAGHI SL,MGZ01/SURT/00029,29/12/2025,C-V/00028,"511,83","98690,69",ADG53 4751 APONS SL,Hecho
6431-C-V/00029,27,ADG32 6431 GZOUGGAGHI SL,MGZ01/SURT/00026,18/12/2025,C-V/00029,"3493,88","102184,57",BIGCORP SL,Hecho
6431-C-V/00030,28,ADG32 6431 GZOUGGAGHI SL,MGZ01/SURT/00027,18/12/2025,C-V/00030,"4023,86","106208,43",COMERCIAL CALCO SA,Hecho
6431-C-V/00031,29,ADG32 6431 GZOUGGAGHI SL,MGZ01/SURT/00028,18/12/2025,C-V/00031,"4296,11","110504,54",COMERCIAL CALCO SA,Hecho
6702-C-V/00001,1,ADG32 6702 NFORNES SL,MGZ01/SURT/00001,17/10/2025,C-V/00001,"3237,96","3237,96",COMERCIAL CALCO SA,Hecho
6702-C-V/00002,2,ADG32 6702 NFORNES SL,MGZ01/SURT/00002,22/10/2025,C-V/00002,"4036,56","7274,52",COMERCIAL CALCO SA,Hecho
6702-C-V/00003,3,ADG32 6702 NFORNES SL,MGZ01/SURT/00003,23/10/2025,C-V/00003,"3521,10","10795,62",COMERCIAL CALCO SA,Hecho
6702-C-V/00004,4,ADG32 6702 NFORNES SL,MGZ01/SURT/00004,23/10/2025,C-V/00004,"4352,37","15147,99",BIGCORP SL,Hecho
6702-C-V/00005,5,ADG32 6702 NFORNES SL,MGZ01/SURT/00005,29/10/2025,C-V/00005,"3630,00","18777,99",COMERCIAL CALCO SA,Hecho
6702-C-V/00006,6,ADG32 6702 NFORNES SL,MGZ01/SURT/00006,29/10/2025,C-V/00006,"4660,92","23438,91",BIGCORP SL,Hecho
6702-C-V/00007,7,ADG32 6702 NFORNES SL,MGZ01/SURT/00007,29/10/2025,C-V/00007,"3350,49","26789,40",BIGCORP SL,Hecho
6702-C-V/00008,8,ADG32 6702 NFORNES SL,MGZ01/SURT/00008,05/11/2025,C-V/00008,"3499,32","30288,72",COMERCIAL CALCO SA,Hecho
6702-C-V/00009,9,ADG32 6702 NFORNES SL,MGZ01/SURT/00009,05/11/2025,C-V/00009,"3401,31","33690,03",BIGCORP SL,Hecho
6702-C-V/00010,10,ADG32 6702 NFORNES SL,MGZ01/SURT/00010,05/11/2025,C-V/00010,"4007,52","37697,55",BIGCORP SL,Hecho
6702-C-V/00011,11,ADG32 6702 NFORNES SL,MGZ01/SURT/00011,12/11/2025,C-V/00011,"4167,24","41864,79",BIGCORP SL,Hecho
6702-C-V/00012,12,ADG32 6702 NFORNES SL,MGZ01/SURT/00012,12/11/2025,C-V/00012,"3292,41","45157,20",BIGCORP SL,Hecho
6702-C-V/00013,13,ADG32 6702 NFORNES SL,MGZ01/SURT/00013,12/11/2025,C-V/00013,"4199,91","49357,11",COMERCIAL CALCO SA,Hecho
6702-C-V/00014,14,ADG32 6702 NFORNES SL,MGZ01/SURT/00014,19/11/2025,C-V/00014,"4141,83","53498,94",COMERCIAL CALCO SA,Hecho
6702-C-V/00015,15,ADG32 6702 NFORNES SL,MGZ01/SURT/00015,19/11/2025,C-V/00015,"4719,00","58217,94",COMERCIAL CALCO SA,Hecho
6702-C-V/00017,16,ADG32 6702 NFORNES SL,MGZ01/SURT/00016,19/11/2025,C-V/00017,"3383,16","61601,10",BIGCORP SL,Hecho
6702-C-V/00018,17,ADG32 6702 NFORNES SL,MGZ01/SURT/00017,26/11/2025,C-V/00018,"3586,44","65187,54",BIGCORP SL,Hecho
6702-C-V/00019,18,ADG32 6702 NFORNES SL,MGZ01/SURT/00018,26/11/2025,C-V/00019,"4287,03","69474,57",BIGCORP SL,Hecho
6702-C-V/00020,19,ADG32 6702 NFORNES SL,MGZ01/SURT/00019,26/11/2025,C-V/00020,"3865,95","73340,52",COMERCIAL CALCO SA,Hecho
6702-C-V/00021,20,ADG32 6702 NFORNES SL,MGZ01/SURT/00020,03/12/2025,C-V/00021,"4479,42","77819,94",COMERCIAL CALCO SA,Hecho
6702-C-V/00022,21,ADG32 6702 NFORNES SL,MGZ01/SURT/00021,03/12/2025,C-V/00022,"3386,79","81206,73",COMERCIAL CALCO SA,Hecho
6702-C-V/00023,22,ADG32 6702 NFORNES SL,MGZ01/SURT/00022,03/12/2025,C-V/00023,"4094,64","85301,37",BIGCORP SL,Hecho
6702-C-V/00024,23,ADG32 6702 NFORNES SL,MGZ01/SURT/00025,10/12/2025,C-V/00024,"3452,13","88753,50",COMERCIAL CALCO SA,Hecho
6702-C-V/00025,24,ADG32 6702 NFORNES SL,MGZ01/SURT/00024,10/12/2025,C-V/00025,"4352,37","93105,87",COMERCIAL CALCO SA,Hecho
6702-C-V/00026,25,ADG32 6702 NFORNES SL,MGZ01/SURT/00023,10/12/2025,C-V/00026,"4679,07","97784,94",COMERCIAL CALCO SA,Hecho
6702-C-V/00027,26,ADG32 6702 NFORNES SL,MGZ01/SURT/00026,18/12/2025,C-V/00027,"4519,35","102304,29",BIGCORP SL,Hecho
6702-C-V/00028,27,ADG32 6702 NFORNES SL,MGZ01/SURT/00027,18/12/2025,C-V/00028,"3651,78","105956,07",BIGCORP SL,Hecho
6702-C-V/00030,28,ADG32 6702 NFORNES SL,MGZ01/SURT/00028,18/12/2025,C-V/00030,"3767,94","109724,01",BIGCORP SL,Hecho
6706-C-C/00020,1,ADG32 6706 NSUIYHI SL,MGZ01/SURT/00026,18/12/2025,C-C/00020,,,,Hecho
6706-C-V/00001,2,ADG32 6706 NSUIYHI SL,MGZ01/SURT/00001,17/10/2025,C-V/00001,"3648,15","3648,15",COMERCIAL CALCO SA,Hecho
6706-C-V/00002,3,ADG32 6706 NSUIYHI SL,MGZ01/SURT/00002,23/10/2025,C-V/00002,"3898,62","7546,77",BIGCORP SL,Hecho
6706-C-V/00003,4,ADG32 6706 NSUIYHI SL,MGZ01/SURT/00003,23/10/2025,C-V/00003,"4323,33","11870,10",BIGCORP SL,Hecho
6706-C-V/00004,5,ADG32 6706 NSUIYHI SL,MGZ01/SURT/00004,23/10/2025,C-V/00004,"4279,77","16149,87",COMERCIAL CALCO SA,Hecho
6706-C-V/00005,6,ADG32 6706 NSUIYHI SL,MGZ01/SURT/00005,29/10/2025,C-V/00005,"4290,66","20440,53",BIGCORP SL,Hecho
6706-C-V/00006,7,ADG32 6706 NSUIYHI SL,MGZ01/SURT/00006,29/10/2025,C-V/00006,"4225,32","24665,85",COMERCIAL CALCO SA,Hecho
6706-C-V/00007,8,ADG32 6706 NSUIYHI SL,MGZ01/SURT/00007,29/10/2025,C-V/00007,"3463,02","28128,87",COMERCIAL CALCO SA,Hecho
6706-C-V/00011,9,ADG32 6706 NSUIYHI SL,MGZ01/SURT/00008,05/11/2025,C-V/00011,"3931,29","32060,16",BIGCORP SL,Hecho
6706-C-V/00012,10,ADG32 6706 NSUIYHI SL,MGZ01/SURT/00009,05/11/2025,C-V/00012,"4595,58","36655,74",COMERCIAL CALCO SA,Hecho
6706-C-V/00013,11,ADG32 6706 NSUIYHI SL,MGZ01/SURT/00010,05/11/2025,C-V/00013,"3419,46","40075,20",COMERCIAL CALCO SA,Hecho
6706-C-V/00014,12,ADG32 6706 NSUIYHI SL,MGZ01/SURT/00011,12/11/2025,C-V/00014,"4083,75","44158,95",COMERCIAL CALCO SA,Hecho
6706-C-V/00015,13,ADG32 6706 NSUIYHI SL,MGZ01/SURT/00012,12/11/2025,C-V/00015,"4203,54","48362,49",COMERCIAL CALCO SA,Hecho
6706-C-V/00016,14,ADG32 6706 NSUIYHI SL,MGZ01/SURT/00013,12/11/2025,C-V/00016,"4257,99","52620,48",COMERCIAL CALCO SA,Hecho
6706-C-V/00017,15,ADG32 6706 NSUIYHI SL,MGZ01/SURT/00014,19/11/2025,C-V/00017,"3397,68","56018,16",BIGCORP SL,Hecho
6706-C-V/00018,16,ADG32 6706 NSUIYHI SL,MGZ01/SURT/00015,19/11/2025,C-V/00018,"3931,29","59949,45",COMERCIAL CALCO SA,Hecho
6706-C-V/00019,17,ADG32 6706 NSUIYHI SL,MGZ01/SURT/00016,19/11/2025,C-V/00019,"4606,47","64555,92",BIGCORP SL,Hecho
6706-C-V/00020,18,ADG32 6706 NSUIYHI SL,MGZ01/SURT/00017,26/11/2025,C-V/00020,"4443,12","68999,04",COMERCIAL CALCO SA,Hecho
6706-C-V/00021,19,ADG32 6706 NSUIYHI SL,MGZ01/SURT/00018,26/11/2025,C-V/00021,"4410,45","73409,49",COMERCIAL CALCO SA,Hecho
6706-C-V/00022,20,ADG32 6706 NSUIYHI SL,MGZ01/SURT/00019,26/11/2025,C-V/00022,"4737,15","78146,64",BIGCORP SL,Hecho
6706-C-V/00023,21,ADG32 6706 NSUIYHI SL,MGZ01/SURT/00020,03/12/2025,C-V/00023,"4061,97","82208,61",COMERCIAL CALCO SA,Hecho
6706-C-V/00024,22,ADG32 6706 NSUIYHI SL,MGZ01/SURT/00021,03/12/2025,C-V/00024,"4072,86","86281,47",COMERCIAL CALCO SA,Hecho
6706-C-V/00025,23,ADG32 6706 NSUIYHI SL,MGZ01/SURT/00022,03/12/2025,C-V/00025,"4127,31","90408,78",COMERCIAL CALCO SA,Hecho
6706-C-V/00026,24,ADG32 6706 NSUIYHI SL,MGZ01/SURT/00023,10/12/2025,C-V/00026,"3212,55","93621,33",BIGCORP SL,Hecho
6706-C-V/00027,25,ADG32 6706 NSUIYHI SL,MGZ01/SURT/00024,10/12/2025,C-V/00027,"3985,74","97607,07",COMERCIAL CALCO SA,Hecho
6706-C-V/00028,26,ADG32 6706 NSUIYHI SL,MGZ01/SURT/00025,10/12/2025,C-V/00028,"4247,10","101854,17",BIGCORP SL,Hecho
6706-C-V/00030,27,ADG32 6706 NSUIYHI SL,MGZ01/SURT/00028,18/12/2025,C-V/00030,"3550,14","105404,31",COMERCIAL CALCO SA,Hecho
6706-C-V/00031,28,ADG32 6706 NSUIYHI SL,MGZ01/SURT/00029,18/12/2025,C-V/00031,"3201,66","108605,97",COMERCIAL CALCO SA,Hecho
6706-C-V/00032,29,ADG32 6706 NSUIYHI SL,MGZ01/SURT/00030,18/12/2025,C-V/00032,"3267,00","111872,97",BIGCORP SL,Hecho
6706-Devolución de MGZ01/ENTRA/00021,30,ADG32 6706 NSUIYHI SL,MGZ01/SURT/00027,18/12/2025,Devolución de MGZ01/ENTRA/00021,,"111872,97",ALUBIX SL,Hecho
6707-C-V/00001,1,ADG32 6707 MOUAZINE SL,MGZ01/SURT/00001,17/10/2025,C-V/00001,"4098,27","4098,27",BIGCORP SL,Hecho
6707-C-V/00002,2,ADG32 6707 MOUAZINE SL,MGZ01/SURT/00002,24/10/2025,C-V/00002,"4022,04","8120,31",COMERCIAL CALCO SA,Hecho
6707-C-V/00003,3,ADG32 6707 MOUAZINE SL,MGZ01/SURT/00003,24/10/2025,C-V/00003,"4443,12","12563,43",COMERCIAL CALCO SA,Hecho
6707-C-V/00004,4,ADG32 6707 MOUAZINE SL,MGZ01/SURT/00004,24/10/2025,C-V/00004,"4606,47","17169,90",COMERCIAL CALCO SA,Hecho
6707-C-V/00005,5,ADG32 6707 MOUAZINE SL,MGZ01/SURT/00005,29/10/2025,C-V/00005,"4352,37","21522,27",COMERCIAL CALCO SA,Hecho
6707-C-V/00006,6,ADG32 6707 MOUAZINE SL,MGZ01/SURT/00006,29/10/2025,C-V/00006,"3412,20","24934,47",BIGCORP SL,Hecho
6707-C-V/00007,7,ADG32 6707 MOUAZINE SL,MGZ01/SURT/00007,29/10/2025,C-V/00007,"4657,29","29591,76",COMERCIAL CALCO SA,Hecho
6707-C-V/00008,8,ADG32 6707 MOUAZINE SL,MGZ01/SURT/00008,05/11/2025,C-V/00008,"4145,46","33737,22",COMERCIAL CALCO SA,Hecho
6707-C-V/00009,9,ADG32 6707 MOUAZINE SL,MGZ01/SURT/00009,05/11/2025,C-V/00009,"3357,75","37094,97",BIGCORP SL,Hecho
6707-C-V/00010,10,ADG32 6707 MOUAZINE SL,MGZ01/SURT/00010,05/11/2025,C-V/00010,"4559,28","41654,25",COMERCIAL CALCO SA,Hecho
6707-C-V/00011,11,ADG32 6707 MOUAZINE SL,MGZ01/SURT/00011,14/11/2025,C-V/00011,"3978,48","45632,73",BIGCORP SL,Hecho
6707-C-V/00012,12,ADG32 6707 MOUAZINE SL,MGZ01/SURT/00012,14/11/2025,C-V/00012,"3713,49","49346,22",COMERCIAL CALCO SA,Hecho
6707-C-V/00013,13,ADG32 6707 MOUAZINE SL,MGZ01/SURT/00013,14/11/2025,C-V/00013,"3934,92","53281,14",COMERCIAL CALCO SA,Hecho
6707-C-V/00014,14,ADG32 6707 MOUAZINE SL,MGZ01/SURT/00014,19/11/2025,C-V/00014,"4087,38","57368,52",COMERCIAL CALCO SA,Hecho
6707-C-V/00015,15,ADG32 6707 MOUAZINE SL,MGZ01/SURT/00015,19/11/2025,C-V/00015,"3477,54","60846,06",BIGCORP SL,Hecho
6707-C-V/00016,16,ADG32 6707 MOUAZINE SL,MGZ01/SURT/00016,19/11/2025,C-V/00016,"4000,26","64846,32",COMERCIAL CALCO SA,Hecho
6707-C-V/00017,17,ADG32 6707 MOUAZINE SL,MGZ01/SURT/00017,26/11/2025,C-V/00017,"4072,86","68919,18",BIGCORP SL,Hecho
6707-C-V/00018,18,ADG32 6707 MOUAZINE SL,MGZ01/SURT/00018,26/11/2025,C-V/00018,"3325,08","72244,26",COMERCIAL CALCO SA,Hecho
6707-C-V/00019,19,ADG32 6707 MOUAZINE SL,MGZ01/SURT/00019,26/11/2025,C-V/00019,"4791,60","77035,86",BIGCORP SL,Hecho
6707-C-V/00020,20,ADG32 6707 MOUAZINE SL,MGZ01/SURT/00020,04/12/2025,C-V/00020,"4432,23","81468,09",BIGCORP SL,Hecho
6707-C-V/00021,21,ADG32 6707 MOUAZINE SL,MGZ01/SURT/00021,04/12/2025,C-V/00021,"4228,95","85697,04",BIGCORP SL,Hecho
6707-C-V/00022,22,ADG32 6707 MOUAZINE SL,MGZ01/SURT/00022,04/12/2025,C-V/00022,"3401,31","89098,35",BIGCORP SL,Hecho
6707-C-V/00023,23,ADG32 6707 MOUAZINE SL,MGZ01/SURT/00023,10/12/2025,C-V/00023,"4210,80","93309,15",BIGCORP SL,Hecho
6707-C-V/00024,24,ADG32 6707 MOUAZINE SL,MGZ01/SURT/00024,10/12/2025,C-V/00024,"4022,04","97331,19",BIGCORP SL,Hecho
6707-C-V/00025,25,ADG32 6707 MOUAZINE SL,MGZ01/SURT/00025,10/12/2025,C-V/00025,"4145,46","101476,65",COMERCIAL CALCO SA,Hecho
6707-C-V/00026,26,ADG32 6707 MOUAZINE SL,MGZ01/SURT/00026,18/12/2025,C-V/00026,"4711,74","106188,39",BIGCORP SL,Hecho
6707-C-V/00027,27,ADG32 6707 MOUAZINE SL,MGZ01/SURT/00027,18/12/2025,C-V/00027,"4515,72","110704,11",COMERCIAL CALCO SA,Hecho
6707-C-V/00028,28,ADG32 6707 MOUAZINE SL,MGZ01/SURT/00028,18/12/2025,C-V/00028,"3731,64","114435,75",BIGCORP SL,Hecho
6734-C-V/00001,1,ADG32 6734 LABOLAFIO SL,MGZ01/SURT/00001,17/10/2025,C-V/00001,"4091,01","4091,01",BIGCORP SL,Hecho
6734-C-V/00002,2,ADG32 6734 LABOLAFIO SL,MGZ01/SURT/00002,23/10/2025,C-V/00002,"3408,57","7499,58",COMERCIAL CALCO SA,Hecho
6734-C-V/00003,3,ADG32 6734 LABOLAFIO SL,MGZ01/SURT/00003,23/10/2025,C-V/00003,"3973,04","11472,62",BIGCORP SL,Hecho
6734-C-V/00004,4,ADG32 6734 LABOLAFIO SL,MGZ01/SURT/00004,23/10/2025,C-V/00004,"4648,22","16120,84",COMERCIAL CALCO SA,Hecho
6734-C-V/00006,5,ADG32 6734 LABOLAFIO SL,MGZ01/SURT/00005,29/10/2025,C-V/00006,"4027,49","20148,33",COMERCIAL CALCO SA,Hecho
6734-C-V/00007,6,ADG32 6734 LABOLAFIO SL,MGZ01/SURT/00006,29/10/2025,C-V/00007,"3404,94","23553,27",COMERCIAL CALCO SA,Hecho
6734-C-V/00008,7,ADG32 6734 LABOLAFIO SL,MGZ01/SURT/00007,29/10/2025,C-V/00008,"3791,54","27344,81",BIGCORP SL,Hecho
6734-C-V/00009,8,ADG32 6734 LABOLAFIO SL,MGZ01/SURT/00008,05/11/2025,C-V/00009,"4288,85","31633,66",COMERCIAL CALCO SA,Hecho
6734-C-V/00010,9,ADG32 6734 LABOLAFIO SL,MGZ01/SURT/00009,05/11/2025,C-V/00010,"4733,52","36367,18",BIGCORP SL,Hecho
6734-C-V/00011,10,ADG32 6734 LABOLAFIO SL,MGZ01/SURT/00010,05/11/2025,C-V/00011,"4005,71","40372,89",COMERCIAL CALCO SA,Hecho
6734-C-V/00012,11,ADG32 6734 LABOLAFIO SL,MGZ01/SURT/00011,12/11/2025,C-V/00012,"4254,36","44627,25",BIGCORP SL,Hecho
6734-C-V/00013,12,ADG32 6734 LABOLAFIO SL,MGZ01/SURT/00012,12/11/2025,C-V/00013,"3225,26","47852,51",COMERCIAL CALCO SA,Hecho
6734-C-V/00014,13,ADG32 6734 LABOLAFIO SL,MGZ01/SURT/00013,12/11/2025,C-V/00014,"4472,16","52324,67",BIGCORP SL,Hecho
6734-C-V/00015,14,ADG32 6734 LABOLAFIO SL,MGZ01/SURT/00014,20/11/2025,C-V/00015,"4232,58","56557,25",BIGCORP SL,Hecho
6734-C-V/00016,15,ADG32 6734 LABOLAFIO SL,MGZ01/SURT/00015,20/11/2025,C-V/00016,"3515,66","60072,91",COMERCIAL CALCO SA,Hecho
6734-C-V/00017,16,ADG32 6734 LABOLAFIO SL,MGZ01/SURT/00016,20/11/2025,C-V/00017,"4508,46","64581,37",COMERCIAL CALCO SA,Hecho
6734-C-V/00018,17,ADG32 6734 LABOLAFIO SL,MGZ01/SURT/00017,26/11/2025,C-V/00018,"4608,29","69189,66",COMERCIAL CALCO SA,Hecho
6734-C-V/00019,18,ADG32 6734 LABOLAFIO SL,MGZ01/SURT/00018,26/11/2025,C-V/00019,"4700,85","73890,51",BIGCORP SL,Hecho
6734-C-V/00020,19,ADG32 6734 LABOLAFIO SL,MGZ01/SURT/00019,26/11/2025,C-V/00020,"4702,67","78593,18",BIGCORP SL,Hecho
6734-C-V/00021,20,ADG32 6734 LABOLAFIO SL,MGZ01/SURT/00020,03/12/2025,C-V/00021,"4670,00","83263,18",BIGCORP SL,Hecho
6734-C-V/00022,21,ADG32 6734 LABOLAFIO SL,MGZ01/SURT/00021,03/12/2025,C-V/00022,"4169,06","87432,24",COMERCIAL CALCO SA,Hecho
6734-C-V/00023,22,ADG32 6734 LABOLAFIO SL,MGZ01/SURT/00022,03/12/2025,C-V/00023,"3321,45","90753,69",COMERCIAL CALCO SA,Hecho
6734-C-V/00024,23,ADG32 6734 LABOLAFIO SL,MGZ01/SURT/00023,10/12/2025,C-V/00024,"3787,91","94541,60",BIGCORP SL,Hecho
6734-C-V/00025,24,ADG32 6734 LABOLAFIO SL,MGZ01/SURT/00024,10/12/2025,C-V/00025,"4541,13","99082,73",COMERCIAL CALCO SA,Hecho
6734-C-V/00026,25,ADG32 6734 LABOLAFIO SL,MGZ01/SURT/00025,10/12/2025,C-V/00026,"4150,91","103233,64",COMERCIAL CALCO SA,Hecho
6734-C-V/00028,26,ADG32 6734 LABOLAFIO SL,MGZ01/SURT/00026,17/12/2025,C-V/00028,"3370,46","106604,10",BIGCORP SL,Hecho
6734-C-V/00029,27,ADG32 6734 LABOLAFIO SL,MGZ01/SURT/00027,17/12/2025,C-V/00029,"4178,13","110782,23",BIGCORP SL,Hecho
6734-C-V/00030,28,ADG32 6734 LABOLAFIO SL,MGZ01/SURT/00028,17/12/2025,C-V/00030,"4072,86","114855,09",BIGCORP SL,Hecho
6746-C-V/00001,1,ADG32 6746 ELLADO SL,MGZ01/SURT/00001,17/10/2025,C-V/00001,"3746,16","3746,16",COMERCIAL CALCO SA,Hecho
6746-C-V/00003,2,ADG32 6746 ELLADO SL,MGZ01/SURT/00003,22/10/2025,C-V/00003,"4285,22","8031,38",COMERCIAL CALCO SA,Hecho
6746-C-V/00004,3,ADG32 6746 ELLADO SL,MGZ01/SURT/00004,22/10/2025,C-V/00004,"3637,26","11668,64",COMERCIAL CALCO SA,Hecho
6746-C-V/00005,4,ADG32 6746 ELLADO SL,MGZ01/SURT/00005,22/10/2025,C-V/00005,"4684,52","16353,16",BIGCORP SL,Hecho
6746-C-V/00007,5,ADG32 6746 ELLADO SL,MGZ01/SURT/00006,29/10/2025,C-V/00007,"4216,25","20569,41",BIGCORP SL,Hecho
6746-C-V/00008,6,ADG32 6746 ELLADO SL,MGZ01/SURT/00007,29/10/2025,C-V/00008,"4481,24","25050,65",COMERCIAL CALCO SA,Hecho
6746-C-V/00009,7,ADG32 6746 ELLADO SL,MGZ01/SURT/00008,29/10/2025,C-V/00009,"3611,85","28662,50",BIGCORP SL,Hecho
6746-C-V/00010,8,ADG32 6746 ELLADO SL,MGZ01/SURT/00009,05/11/2025,C-V/00010,"3869,58","32532,08",COMERCIAL CALCO SA,Hecho
6746-C-V/00011,9,ADG32 6746 ELLADO SL,MGZ01/SURT/00010,05/11/2025,C-V/00011,"3230,70","35762,78",BIGCORP SL,Hecho
6746-C-V/00012,10,ADG32 6746 ELLADO SL,MGZ01/SURT/00011,05/11/2025,C-V/00012,"4682,70","40445,48",COMERCIAL CALCO SA,Hecho
6746-C-V/00013,11,ADG32 6746 ELLADO SL,MGZ01/SURT/00012,12/11/2025,C-V/00013,"3461,21","43906,69",BIGCORP SL,Hecho
6746-C-V/00014,12,ADG32 6746 ELLADO SL,MGZ01/SURT/00013,12/11/2025,C-V/00014,"4729,89","48636,58",BIGCORP SL,Hecho
6746-C-V/00015,13,ADG32 6746 ELLADO SL,MGZ01/SURT/00014,12/11/2025,C-V/00015,"3913,14","52549,72",BIGCORP SL,Hecho
6746-C-V/00016,14,ADG32 6746 ELLADO SL,MGZ01/SURT/00015,19/11/2025,C-V/00016,"4123,68","56673,40",COMERCIAL CALCO SA,Hecho
6746-C-V/00017,15,ADG32 6746 ELLADO SL,MGZ01/SURT/00016,19/11/2025,C-V/00017,"3737,09","60410,49",BIGCORP SL,Hecho
6746-C-V/00018,16,ADG32 6746 ELLADO SL,MGZ01/SURT/00017,19/11/2025,C-V/00018,"3330,53","63741,02",BIGCORP SL,Hecho
6746-C-V/00020,17,ADG32 6746 ELLADO SL,MGZ01/SURT/00019,26/11/2025,C-V/00020,"3404,94","67145,96",BIGCORP SL,Hecho
6746-C-V/00021,18,ADG32 6746 ELLADO SL,MGZ01/SURT/00020,26/11/2025,C-V/00021,"4368,71","71514,67",COMERCIAL CALCO SA,Hecho
6746-C-V/00022,19,ADG32 6746 ELLADO SL,MGZ01/SURT/00025,01/12/2025,C-V/00022,"3221,63","74736,30",COMERCIAL CALCO SA,Hecho
6746-C-V/00023,20,ADG32 6746 ELLADO SL,MGZ01/SURT/00026,03/12/2025,C-V/00023,"4475,79","79212,09",BIGCORP SL,Hecho
6746-C-V/00024,21,ADG32 6746 ELLADO SL,MGZ01/SURT/00027,03/12/2025,C-V/00024,"3615,48","82827,57",BIGCORP SL,Hecho
6746-C-V/00025,22,ADG32 6746 ELLADO SL,MGZ01/SURT/00028,03/12/2025,C-V/00025,"3960,33","86787,90",BIGCORP SL,Hecho
6746-C-V/00026,23,ADG32 6746 ELLADO SL,MGZ01/SURT/00029,10/12/2025,C-V/00026,"4762,56","91550,46",COMERCIAL CALCO SA,Hecho
6746-C-V/00027,24,ADG32 6746 ELLADO SL,MGZ01/SURT/00030,10/12/2025,C-V/00027,"4368,71","95919,17",BIGCORP SL,Hecho
6746-C-V/00028,25,ADG32 6746 ELLADO SL,MGZ01/SURT/00031,10/12/2025,C-V/00028,"4357,82","100276,99",BIGCORP SL,Hecho
6746-C-V/00031,26,ADG32 6746 ELLADO SL,MGZ01/SURT/00032,18/12/2025,C-V/00031,"4653,66","104930,65",COMERCIAL CALCO SA,Hecho
6746-C-V/00032,27,ADG32 6746 ELLADO SL,MGZ01/SURT/00033,18/12/2025,C-V/00032,"4263,44","109194,09",COMERCIAL CALCO SA,Hecho
6746-C-V/00033,28,ADG32 6746 ELLADO SL,MGZ01/SURT/00036,18/12/2025,C-V/00033,"3757,05","112951,14",BIGCORP SL,Hecho
6777-C-V/00001,1,ADG32 6777 JGARCIA SL,MGZ01/SURT/00001,17/10/2025,C-V/00001,"4581,06","4581,06",COMERCIAL CALCO SA,Hecho
6777-C-V/00002,2,ADG32 6777 JGARCIA SL,MGZ01/SURT/00002,22/10/2025,C-V/00002,"4276,14","8857,20",COMERCIAL CALCO SA,Hecho
6777-C-V/00003,3,ADG32 6777 JGARCIA SL,MGZ01/SURT/00003,22/10/2025,C-V/00003,"3738,90","12596,10",COMERCIAL CALCO SA,Hecho
6777-C-V/00004,4,ADG32 6777 JGARCIA SL,MGZ01/SURT/00004,22/10/2025,C-V/00004,"3844,17","16440,27",COMERCIAL CALCO SA,Hecho
6777-C-V/00005,5,ADG32 6777 JGARCIA SL,MGZ01/SURT/00005,29/10/2025,C-V/00005,"4493,94","20934,21",COMERCIAL CALCO SA,Hecho
6777-C-V/00006,6,ADG32 6777 JGARCIA SL,MGZ01/SURT/00006,29/10/2025,C-V/00006,"3502,95","24437,16",BIGCORP SL,Hecho
6777-C-V/00007,7,ADG32 6777 JGARCIA SL,MGZ01/SURT/00007,29/10/2025,C-V/00007,"4544,76","28981,92",BIGCORP SL,Hecho
6777-C-V/00008,8,ADG32 6777 JGARCIA SL,MGZ01/SURT/00008,05/11/2025,C-V/00008,"4733,52","33715,44",BIGCORP SL,Hecho
6777-C-V/00009,9,ADG32 6777 JGARCIA SL,MGZ01/SURT/00009,05/11/2025,C-V/00009,"3216,18","36931,62",BIGCORP SL,Hecho
6777-C-V/00010,10,ADG32 6777 JGARCIA SL,MGZ01/SURT/00010,05/11/2025,C-V/00010,"3335,97","40267,59",COMERCIAL CALCO SA,Hecho
6777-C-V/00011,11,ADG32 6777 JGARCIA SL,MGZ01/SURT/00011,12/11/2025,C-V/00011,"3473,91","43741,50",BIGCORP SL,Hecho
6777-C-V/00012,12,ADG32 6777 JGARCIA SL,MGZ01/SURT/00012,12/11/2025,C-V/00012,"4697,22","48438,72",BIGCORP SL,Hecho
6777-C-V/00013,13,ADG32 6777 JGARCIA SL,MGZ01/SURT/00013,12/11/2025,C-V/00013,"3826,02","52264,74",COMERCIAL CALCO SA,Hecho
6777-C-V/00014,14,ADG32 6777 JGARCIA SL,MGZ01/SURT/00014,19/11/2025,C-V/00014,"4345,11","56609,85",COMERCIAL CALCO SA,Hecho
6777-C-V/00015,15,ADG32 6777 JGARCIA SL,MGZ01/SURT/00015,19/11/2025,C-V/00015,"4388,67","60998,52",BIGCORP SL,Hecho
6777-C-V/00016,16,ADG32 6777 JGARCIA SL,MGZ01/SURT/00016,19/11/2025,C-V/00016,"4054,71","65053,23",COMERCIAL CALCO SA,Hecho
6777-C-V/00017,17,ADG32 6777 JGARCIA SL,MGZ01/SURT/00017,26/11/2025,C-V/00017,"3796,98","68850,21",BIGCORP SL,Hecho
6777-C-V/00018,18,ADG32 6777 JGARCIA SL,MGZ01/SURT/00018,26/11/2025,C-V/00018,"3720,75","72570,96",COMERCIAL CALCO SA,Hecho
6777-C-V/00019,19,ADG32 6777 JGARCIA SL,MGZ01/SURT/00019,26/11/2025,C-V/00019,"4795,23","77366,19",BIGCORP SL,Hecho
6777-C-V/00020,20,ADG32 6777 JGARCIA SL,MGZ01/SURT/00020,03/12/2025,C-V/00020,"3586,44","80952,63",BIGCORP SL,Hecho
6777-C-V/00021,21,ADG32 6777 JGARCIA SL,MGZ01/SURT/00021,03/12/2025,C-V/00021,"3212,55","84165,18",COMERCIAL CALCO SA,Hecho
6777-C-V/00022,22,ADG32 6777 JGARCIA SL,MGZ01/SURT/00022,03/12/2025,C-V/00022,"4334,22","88499,40",COMERCIAL CALCO SA,Hecho
6777-C-V/00023,23,ADG32 6777 JGARCIA SL,MGZ01/SURT/00023,10/12/2025,C-V/00023,"3974,85","92474,25",BIGCORP SL,Hecho
6777-C-V/00024,24,ADG32 6777 JGARCIA SL,MGZ01/SURT/00024,10/12/2025,C-V/00024,"3615,48","96089,73",BIGCORP SL,Hecho
6777-C-V/00025,25,ADG32 6777 JGARCIA SL,MGZ01/SURT/00025,10/12/2025,C-V/00025,"3905,88","99995,61",COMERCIAL CALCO SA,Hecho
6777-C-V/00028,26,ADG32 6777 JGARCIA SL,MGZ01/SURT/00027,18/12/2025,C-V/00028,"3219,81","103215,42",BIGCORP SL,Hecho
6777-C-V/00029,27,ADG32 6777 JGARCIA SL,MGZ01/SURT/00028,18/12/2025,C-V/00029,"3760,68","106976,10",BIGCORP SL,Hecho
6777-C-V/00030,28,ADG32 6777 JGARCIA SL,MGZ01/SURT/00029,19/12/2025,C-V/00030,"3891,36","110867,46",COMERCIAL CALCO SA,Hecho
6844-C-V/00001,1,ADG32 6844 TTRAMULLAS SL,MGZ01/SURT/00001,17/10/2025,C-V/00001,"4040,19","4040,19",COMERCIAL CALCO SA,Hecho
6844-C-V/00002,2,ADG32 6844 TTRAMULLAS SL,MGZ01/SURT/00002,23/10/2025,C-V/00002,"4294,29","8334,48",BIGCORP SL,Hecho
6844-C-V/00003,3,ADG32 6844 TTRAMULLAS SL,MGZ01/SURT/00003,23/10/2025,C-V/00003,"4423,16","12757,64",COMERCIAL CALCO SA,Hecho
6844-C-V/00004,4,ADG32 6844 TTRAMULLAS SL,MGZ01/SURT/00004,23/10/2025,C-V/00004,"3649,97","16407,61",BIGCORP SL,Hecho
6844-C-V/00005,5,ADG32 6844 TTRAMULLAS SL,MGZ01/SURT/00005,29/10/2025,C-V/00005,"4326,96","20734,57",BIGCORP SL,Hecho
6844-C-V/00006,6,ADG32 6844 TTRAMULLAS SL,MGZ01/SURT/00006,29/10/2025,C-V/00006,"3924,03","24658,60",BIGCORP SL,Hecho
6844-C-V/00007,7,ADG32 6844 TTRAMULLAS SL,MGZ01/SURT/00007,29/10/2025,C-V/00007,"3564,66","28223,26",COMERCIAL CALCO SA,Hecho
6844-C-V/00009,8,ADG32 6844 TTRAMULLAS SL,MGZ01/SURT/00008,05/11/2025,C-V/00009,"4060,16","32283,42",COMERCIAL CALCO SA,Hecho
6844-C-V/00010,9,ADG32 6844 TTRAMULLAS SL,MGZ01/SURT/00009,05/11/2025,C-V/00010,"4259,81","36543,23",COMERCIAL CALCO SA,Hecho
6844-C-V/00011,10,ADG32 6844 TTRAMULLAS SL,MGZ01/SURT/00010,05/11/2025,C-V/00011,"3871,40","40414,63",BIGCORP SL,Hecho
6844-C-V/00012,11,ADG32 6844 TTRAMULLAS SL,MGZ01/SURT/00011,12/11/2025,C-V/00012,"4395,93","44810,56",COMERCIAL CALCO SA,Hecho
6844-C-V/00013,12,ADG32 6844 TTRAMULLAS SL,MGZ01/SURT/00012,12/11/2025,C-V/00013,"3403,13","48213,69",BIGCORP SL,Hecho
6844-C-V/00014,13,ADG32 6844 TTRAMULLAS SL,MGZ01/SURT/00013,12/11/2025,C-V/00014,"4421,34","52635,03",BIGCORP SL,Hecho
6844-C-V/00015,14,ADG32 6844 TTRAMULLAS SL,MGZ01/SURT/00014,19/11/2025,C-V/00015,"4232,58","56867,61",COMERCIAL CALCO SA,Hecho
6844-C-V/00016,15,ADG32 6844 TTRAMULLAS SL,MGZ01/SURT/00015,19/11/2025,C-V/00016,"4599,21","61466,82",BIGCORP SL,Hecho
6844-C-V/00017,16,ADG32 6844 TTRAMULLAS SL,MGZ01/SURT/00016,19/11/2025,C-V/00017,"4541,13","66007,95",COMERCIAL CALCO SA,Hecho
6844-C-V/00018,17,ADG32 6844 TTRAMULLAS SL,MGZ01/SURT/00017,26/11/2025,C-V/00018,"3551,96","69559,91",COMERCIAL CALCO SA,Hecho
6844-C-V/00019,18,ADG32 6844 TTRAMULLAS SL,MGZ01/SURT/00018,26/11/2025,C-V/00019,"3399,50","72959,41",BIGCORP SL,Hecho
6844-C-V/00020,19,ADG32 6844 TTRAMULLAS SL,MGZ01/SURT/00019,26/11/2025,C-V/00020,"3268,82","76228,23",BIGCORP SL,Hecho
6844-C-V/00021,20,ADG32 6844 TTRAMULLAS SL,MGZ01/SURT/00020,05/12/2025,C-V/00021,"4644,59","80872,82",BIGCORP SL,Hecho
6844-C-V/00022,21,ADG32 6844 TTRAMULLAS SL,MGZ01/SURT/00021,05/12/2025,C-V/00022,"4189,02","85061,84",COMERCIAL CALCO SA,Hecho
6844-C-V/00023,22,ADG32 6844 TTRAMULLAS SL,MGZ01/SURT/00022,05/12/2025,C-V/00023,"4552,02","89613,86",COMERCIAL CALCO SA,Hecho
6844-C-V/00024,23,ADG32 6844 TTRAMULLAS SL,MGZ01/SURT/00023,10/12/2025,C-V/00024,"4675,44","94289,30",BIGCORP SL,Hecho
6844-C-V/00025,24,ADG32 6844 TTRAMULLAS SL,MGZ01/SURT/00024,10/12/2025,C-V/00025,"4381,41","98670,71",COMERCIAL CALCO SA,Hecho
6844-C-V/00026,25,ADG32 6844 TTRAMULLAS SL,MGZ01/SURT/00025,10/12/2025,C-V/00026,"3390,42","102061,13",BIGCORP SL,Hecho
6844-C-V/00028,26,ADG32 6844 TTRAMULLAS SL,MGZ01/SURT/00026,19/12/2025,C-V/00028,"4121,87","106183,00",BIGCORP SL,Hecho
6844-C-V/00029,27,ADG32 6844 TTRAMULLAS SL,MGZ01/SURT/00027,19/12/2025,C-V/00029,"4782,53","110965,53",BIGCORP SL,Hecho
6844-C-V/00030,28,ADG32 6844 TTRAMULLAS SL,MGZ01/SURT/00028,19/12/2025,C-V/00030,"4274,33","115239,86",COMERCIAL CALCO SA,Hecho